date,confirmed,deaths,is_last,codigo,municipio,confirmed_per_100k_inhabitants,death_rate,place_type
2020-04-12,1,0,TRUE,4300406,Alegrete,1.3589,NA,city
2020-04-12,5,1,TRUE,4300604,Alvorada,2.3775,0.2,city
2020-04-12,2,0,TRUE,4300703,Anta Gorda,33.43922,NA,city
2020-04-12,1,0,TRUE,4301057,Arroio Do Sal,9.93542,NA,city
2020-04-12,3,0,TRUE,4301107,Arroio Dos Ratos,21.19992,NA,city
2020-04-12,27,0,TRUE,4301602,Bagé,22.28771,NA,city
2020-04-12,11,0,TRUE,4302105,Bento Gonçalves,9.13212,NA,city
2020-04-12,1,0,TRUE,4302402,Bom Retiro Do Sul,8.11162,NA,city
2020-04-12,2,0,TRUE,4303004,Cachoeira Do Sul,2.43306,NA,city
2020-04-12,6,0,TRUE,4303103,Cachoeirinha,4.60501,NA,city
2020-04-12,4,0,TRUE,4303905,Campo Bom,5.99592,NA,city
2020-04-12,1,0,TRUE,4304507,Canguçu,1.78428,NA,city
2020-04-12,13,1,TRUE,4304606,Canoas,3.75055,0.0769,city
2020-04-12,4,0,TRUE,4304630,Capão Da Canoa,7.5402,NA,city
2020-04-12,1,0,TRUE,4304663,Capão Do Leão,3.94415,NA,city
2020-04-12,1,0,TRUE,4304804,Carlos Barbosa,3.35199,NA,city
2020-04-12,34,0,TRUE,4305108,Caxias Do Sul,6.65484,NA,city
2020-04-12,1,0,TRUE,4305173,Cerro Grande Do Sul,8.1706,NA,city
2020-04-12,1,0,TRUE,4305355,Charqueadas,2.45164,NA,city
2020-04-12,2,0,TRUE,4305454,Cidreira,12.30466,NA,city
2020-04-12,1,0,TRUE,4306205,Cruzeiro Do Sul,8.09848,NA,city
2020-04-12,2,0,TRUE,4306403,Dois Irmãos,6.12164,NA,city
2020-04-12,1,0,TRUE,4306601,Dom Pedrito,2.60004,NA,city
2020-04-12,1,0,TRUE,4306767,Eldorado Do Sul,2.42219,NA,city
2020-04-12,2,0,TRUE,4306809,Encantado,8.80824,NA,city
2020-04-12,2,1,TRUE,4306908,Encruzilhada Do Sul,7.72887,0.5,city
2020-04-12,3,0,TRUE,4307005,Erechim,2.83388,NA,city
2020-04-12,3,0,TRUE,4307609,Estância Velha,5.99736,NA,city
2020-04-12,2,0,TRUE,4307708,Esteio,2.40379,NA,city
2020-04-12,2,0,TRUE,4307807,Estrela,5.86235,NA,city
2020-04-12,5,0,TRUE,4307906,Farroupilha,6.91267,NA,city
2020-04-12,2,0,TRUE,4308607,Garibaldi,5.70288,NA,city
2020-04-12,1,0,TRUE,4309050,Glorinha,12.34873,NA,city
2020-04-12,13,0,TRUE,4309209,Gravataí,4.61781,NA,city
2020-04-12,1,0,TRUE,4309308,Guaíba,1.01892,NA,city
2020-04-12,3,0,TRUE,4309555,Harmonia,61.65228,NA,city
2020-04-12,1,0,TRUE,4310330,Imbé,4.38596,NA,city
2020-04-12,4,1,TRUE,4310801,Ivoti,16.46565,0.25,city
2020-04-12,16,0,TRUE,4311403,Lajeado,19.04444,NA,city
2020-04-12,9,1,TRUE,4311809,Marau,20.37997,0.1111,city
2020-04-12,2,0,TRUE,4312252,Minas Do Leão,24.7678,NA,city
2020-04-12,1,0,TRUE,4312401,Montenegro,1.53224,NA,city
2020-04-12,1,0,TRUE,4313102,Nova Palma,15.35627,NA,city
2020-04-12,25,2,TRUE,4313409,Novo Hamburgo,10.13179,0.08,city
2020-04-12,2,0,TRUE,4313508,Osório,4.34839,NA,city
2020-04-12,2,0,TRUE,4314001,Paraí,26.11989,NA,city
2020-04-12,1,0,TRUE,4314035,Pareci Novo,26.06203,NA,city
2020-04-12,18,2,TRUE,4314100,Passo Fundo,8.855,0.1111,city
2020-04-12,5,0,TRUE,4314407,Pelotas,1.46026,NA,city
2020-04-12,1,0,TRUE,4314605,Piratini,4.83957,NA,city
2020-04-12,314,6,TRUE,4314902,Porto Alegre,21.1623,0.0191,city
2020-04-12,3,0,TRUE,4315602,Rio Grande,1.42177,NA,city
2020-04-12,1,0,TRUE,4316006,Rolante,4.68406,NA,city
2020-04-12,2,0,TRUE,4316600,Sananduva,12.29256,NA,city
2020-04-12,1,0,TRUE,4316808,Santa Cruz Do Sul,0.76678,NA,city
2020-04-12,8,0,TRUE,4316907,Santa Maria,2.83564,NA,city
2020-04-12,7,0,TRUE,4317103,Sant'ana Do Livramento,9.08772,NA,city
2020-04-12,4,0,TRUE,4317202,Santa Rosa,5.46045,NA,city
2020-04-12,1,0,TRUE,4317400,Santiago,2.02327,NA,city
2020-04-12,2,0,TRUE,4317608,Santo Antônio Da Patrulha,4.66266,NA,city
2020-04-12,3,0,TRUE,4318051,São Domingos Do Sul,97.59271,NA,city
2020-04-12,1,0,TRUE,4318309,São Gabriel,1.61018,NA,city
2020-04-12,1,0,TRUE,4318440,São Jorge,35.41076,NA,city
2020-04-12,16,1,TRUE,4318705,São Leopoldo,6.75576,0.0625,city
2020-04-12,1,0,TRUE,4318804,São Lourenço Do Sul,2.29453,NA,city
2020-04-12,2,0,TRUE,4319505,São Sebastião Do Caí,7.78665,NA,city
2020-04-12,1,0,TRUE,4319901,Sapiranga,1.22348,NA,city
2020-04-12,3,0,TRUE,4320008,Sapucaia Do Sul,2.12653,NA,city
2020-04-12,1,0,TRUE,4320107,Sarandi,4.08347,NA,city
2020-04-12,5,0,TRUE,4320404,Serafina Corrêa,28.56816,NA,city
2020-04-12,4,0,TRUE,4320859,Tabaí,84.76372,NA,city
2020-04-12,1,0,TRUE,4321204,Taquara,1.74016,NA,city
2020-04-12,4,0,TRUE,4321303,Taquari,14.89092,NA,city
2020-04-12,9,0,TRUE,4321501,Torres,23.2366,NA,city
2020-04-12,1,0,TRUE,4321600,Tramandaí,1.93367,NA,city
2020-04-12,1,0,TRUE,4322251,Tupandi,20.59732,NA,city
2020-04-12,3,0,TRUE,4322400,Uruguaiana,2.36276,NA,city
2020-04-12,1,0,TRUE,4322509,Vacaria,1.51016,NA,city
2020-04-12,1,0,TRUE,4322806,Veranópolis,3.81083,NA,city
2020-04-12,8,0,TRUE,4323002,Viamão,3.1345,NA,city
2020-04-12,1,0,TRUE,4323408,Vila Maria,22.94631,NA,city
2020-04-12,664,16,TRUE,NA,NA,5.83621,0.0241,state
2020-04-11,1,0,FALSE,4300406,Alegrete,1.3589,NA,city
2020-04-11,5,1,FALSE,4300604,Alvorada,2.3775,0.2,city
2020-04-11,2,0,FALSE,4300703,Anta Gorda,33.43922,NA,city
2020-04-11,1,0,FALSE,4301057,Arroio Do Sal,9.93542,NA,city
2020-04-11,3,0,FALSE,4301107,Arroio Dos Ratos,21.19992,NA,city
2020-04-11,27,0,FALSE,4301602,Bagé,22.28771,NA,city
2020-04-11,11,0,FALSE,4302105,Bento Gonçalves,9.13212,NA,city
2020-04-11,1,0,FALSE,4302402,Bom Retiro Do Sul,8.11162,NA,city
2020-04-11,2,0,FALSE,4303004,Cachoeira Do Sul,2.43306,NA,city
2020-04-11,6,0,FALSE,4303103,Cachoeirinha,4.60501,NA,city
2020-04-11,4,0,FALSE,4303905,Campo Bom,5.99592,NA,city
2020-04-11,1,0,FALSE,4304507,Canguçu,1.78428,NA,city
2020-04-11,13,1,FALSE,4304606,Canoas,3.75055,0.0769,city
2020-04-11,4,0,FALSE,4304630,Capão Da Canoa,7.5402,NA,city
2020-04-11,1,0,FALSE,4304663,Capão Do Leão,3.94415,NA,city
2020-04-11,1,0,FALSE,4304804,Carlos Barbosa,3.35199,NA,city
2020-04-11,34,0,FALSE,4305108,Caxias Do Sul,6.65484,NA,city
2020-04-11,1,0,FALSE,4305173,Cerro Grande Do Sul,8.1706,NA,city
2020-04-11,1,0,FALSE,4305355,Charqueadas,2.45164,NA,city
2020-04-11,1,0,FALSE,4305454,Cidreira,6.15233,NA,city
2020-04-11,1,0,FALSE,4306205,Cruzeiro Do Sul,8.09848,NA,city
2020-04-11,2,0,FALSE,4306403,Dois Irmãos,6.12164,NA,city
2020-04-11,1,0,FALSE,4306601,Dom Pedrito,2.60004,NA,city
2020-04-11,1,0,FALSE,4306767,Eldorado Do Sul,2.42219,NA,city
2020-04-11,2,0,FALSE,4306809,Encantado,8.80824,NA,city
2020-04-11,1,1,FALSE,4306908,Encruzilhada Do Sul,3.86444,1,city
2020-04-11,3,0,FALSE,4307005,Erechim,2.83388,NA,city
2020-04-11,3,0,FALSE,4307609,Estância Velha,5.99736,NA,city
2020-04-11,2,0,FALSE,4307708,Esteio,2.40379,NA,city
2020-04-11,1,0,FALSE,4307807,Estrela,2.93118,NA,city
2020-04-11,5,0,FALSE,4307906,Farroupilha,6.91267,NA,city
2020-04-11,2,0,FALSE,4308607,Garibaldi,5.70288,NA,city
2020-04-11,1,0,FALSE,4309050,Glorinha,12.34873,NA,city
2020-04-11,13,0,FALSE,4309209,Gravataí,4.61781,NA,city
2020-04-11,1,0,FALSE,4309308,Guaíba,1.01892,NA,city
2020-04-11,3,0,FALSE,4309555,Harmonia,61.65228,NA,city
2020-04-11,4,1,FALSE,4310801,Ivoti,16.46565,0.25,city
2020-04-11,16,0,FALSE,4311403,Lajeado,19.04444,NA,city
2020-04-11,9,1,FALSE,4311809,Marau,20.37997,0.1111,city
2020-04-11,2,0,FALSE,4312252,Minas Do Leão,24.7678,NA,city
2020-04-11,1,0,FALSE,4312401,Montenegro,1.53224,NA,city
2020-04-11,1,0,FALSE,4313102,Nova Palma,15.35627,NA,city
2020-04-11,24,2,FALSE,4313409,Novo Hamburgo,9.72652,0.0833,city
2020-04-11,2,0,FALSE,4313508,Osório,4.34839,NA,city
2020-04-11,2,0,FALSE,4314001,Paraí,26.11989,NA,city
2020-04-11,1,0,FALSE,4314035,Pareci Novo,26.06203,NA,city
2020-04-11,18,2,FALSE,4314100,Passo Fundo,8.855,0.1111,city
2020-04-11,5,0,FALSE,4314407,Pelotas,1.46026,NA,city
2020-04-11,1,0,FALSE,4314605,Piratini,4.83957,NA,city
2020-04-11,311,6,FALSE,4314902,Porto Alegre,20.96011,0.0193,city
2020-04-11,2,0,FALSE,4315602,Rio Grande,0.94784,NA,city
2020-04-11,1,0,FALSE,4316006,Rolante,4.68406,NA,city
2020-04-11,2,0,FALSE,4316600,Sananduva,12.29256,NA,city
2020-04-11,1,0,FALSE,4316808,Santa Cruz Do Sul,0.76678,NA,city
2020-04-11,8,0,FALSE,4316907,Santa Maria,2.83564,NA,city
2020-04-11,7,0,FALSE,4317103,Sant'ana Do Livramento,9.08772,NA,city
2020-04-11,4,0,FALSE,4317202,Santa Rosa,5.46045,NA,city
2020-04-11,1,0,FALSE,4317400,Santiago,2.02327,NA,city
2020-04-11,2,0,FALSE,4317608,Santo Antônio Da Patrulha,4.66266,NA,city
2020-04-11,2,0,FALSE,4318051,São Domingos Do Sul,65.06181,NA,city
2020-04-11,1,0,FALSE,4318309,São Gabriel,1.61018,NA,city
2020-04-11,1,0,FALSE,4318440,São Jorge,35.41076,NA,city
2020-04-11,16,1,FALSE,4318705,São Leopoldo,6.75576,0.0625,city
2020-04-11,1,0,FALSE,4318804,São Lourenço Do Sul,2.29453,NA,city
2020-04-11,2,0,FALSE,4319505,São Sebastião Do Caí,7.78665,NA,city
2020-04-11,1,0,FALSE,4319901,Sapiranga,1.22348,NA,city
2020-04-11,3,0,FALSE,4320008,Sapucaia Do Sul,2.12653,NA,city
2020-04-11,1,0,FALSE,4320107,Sarandi,4.08347,NA,city
2020-04-11,5,0,FALSE,4320404,Serafina Corrêa,28.56816,NA,city
2020-04-11,4,0,FALSE,4320859,Tabaí,84.76372,NA,city
2020-04-11,1,0,FALSE,4321204,Taquara,1.74016,NA,city
2020-04-11,4,0,FALSE,4321303,Taquari,14.89092,NA,city
2020-04-11,9,0,FALSE,4321501,Torres,23.2366,NA,city
2020-04-11,1,0,FALSE,4321600,Tramandaí,1.93367,NA,city
2020-04-11,1,0,FALSE,4322251,Tupandi,20.59732,NA,city
2020-04-11,3,0,FALSE,4322400,Uruguaiana,2.36276,NA,city
2020-04-11,1,0,FALSE,4322509,Vacaria,1.51016,NA,city
2020-04-11,8,0,FALSE,4323002,Viamão,3.1345,NA,city
2020-04-11,1,0,FALSE,4323408,Vila Maria,22.94631,NA,city
2020-04-11,653,16,FALSE,NA,NA,5.73953,0.0245,state
2020-04-10,1,0,FALSE,4300406,Alegrete,1.3589,NA,city
2020-04-10,4,1,FALSE,4300604,Alvorada,1.902,0.25,city
2020-04-10,2,0,FALSE,4300703,Anta Gorda,33.43922,NA,city
2020-04-10,1,0,FALSE,4301057,Arroio Do Sal,9.93542,NA,city
2020-04-10,3,0,FALSE,4301107,Arroio Dos Ratos,21.19992,NA,city
2020-04-10,27,0,FALSE,4301602,Bagé,22.28771,NA,city
2020-04-10,11,0,FALSE,4302105,Bento Gonçalves,9.13212,NA,city
2020-04-10,1,0,FALSE,4302402,Bom Retiro Do Sul,8.11162,NA,city
2020-04-10,2,0,FALSE,4303004,Cachoeira Do Sul,2.43306,NA,city
2020-04-10,6,0,FALSE,4303103,Cachoeirinha,4.60501,NA,city
2020-04-10,4,0,FALSE,4303905,Campo Bom,5.99592,NA,city
2020-04-10,1,0,FALSE,4304507,Canguçu,1.78428,NA,city
2020-04-10,13,1,FALSE,4304606,Canoas,3.75055,0.0769,city
2020-04-10,4,0,FALSE,4304630,Capão Da Canoa,7.5402,NA,city
2020-04-10,1,0,FALSE,4304663,Capão Do Leão,3.94415,NA,city
2020-04-10,1,0,FALSE,4304804,Carlos Barbosa,3.35199,NA,city
2020-04-10,34,0,FALSE,4305108,Caxias Do Sul,6.65484,NA,city
2020-04-10,1,0,FALSE,4305173,Cerro Grande Do Sul,8.1706,NA,city
2020-04-10,1,0,FALSE,4305355,Charqueadas,2.45164,NA,city
2020-04-10,1,0,FALSE,4305454,Cidreira,6.15233,NA,city
2020-04-10,1,0,FALSE,4306205,Cruzeiro Do Sul,8.09848,NA,city
2020-04-10,2,0,FALSE,4306403,Dois Irmãos,6.12164,NA,city
2020-04-10,1,0,FALSE,4306601,Dom Pedrito,2.60004,NA,city
2020-04-10,1,0,FALSE,4306767,Eldorado Do Sul,2.42219,NA,city
2020-04-10,2,0,FALSE,4306809,Encantado,8.80824,NA,city
2020-04-10,3,0,FALSE,4307005,Erechim,2.83388,NA,city
2020-04-10,3,0,FALSE,4307609,Estância Velha,5.99736,NA,city
2020-04-10,2,0,FALSE,4307708,Esteio,2.40379,NA,city
2020-04-10,1,0,FALSE,4307807,Estrela,2.93118,NA,city
2020-04-10,5,0,FALSE,4307906,Farroupilha,6.91267,NA,city
2020-04-10,2,0,FALSE,4308607,Garibaldi,5.70288,NA,city
2020-04-10,1,0,FALSE,4309050,Glorinha,12.34873,NA,city
2020-04-10,13,0,FALSE,4309209,Gravataí,4.61781,NA,city
2020-04-10,1,0,FALSE,4309308,Guaíba,1.01892,NA,city
2020-04-10,3,0,FALSE,4309555,Harmonia,61.65228,NA,city
2020-04-10,4,1,FALSE,4310801,Ivoti,16.46565,0.25,city
2020-04-10,13,0,FALSE,4311403,Lajeado,15.47361,NA,city
2020-04-10,9,1,FALSE,4311809,Marau,20.37997,0.1111,city
2020-04-10,2,0,FALSE,4312252,Minas Do Leão,24.7678,NA,city
2020-04-10,1,0,FALSE,4312401,Montenegro,1.53224,NA,city
2020-04-10,1,0,FALSE,4313102,Nova Palma,15.35627,NA,city
2020-04-10,24,2,FALSE,4313409,Novo Hamburgo,9.72652,0.0833,city
2020-04-10,2,0,FALSE,4313508,Osório,4.34839,NA,city
2020-04-10,2,0,FALSE,4314001,Paraí,26.11989,NA,city
2020-04-10,1,0,FALSE,4314035,Pareci Novo,26.06203,NA,city
2020-04-10,18,2,FALSE,4314100,Passo Fundo,8.855,0.1111,city
2020-04-10,5,0,FALSE,4314407,Pelotas,1.46026,NA,city
2020-04-10,1,0,FALSE,4314605,Piratini,4.83957,NA,city
2020-04-10,303,6,FALSE,4314902,Porto Alegre,20.42094,0.0198,city
2020-04-10,2,0,FALSE,4315602,Rio Grande,0.94784,NA,city
2020-04-10,1,0,FALSE,4316006,Rolante,4.68406,NA,city
2020-04-10,2,0,FALSE,4316600,Sananduva,12.29256,NA,city
2020-04-10,1,0,FALSE,4316808,Santa Cruz Do Sul,0.76678,NA,city
2020-04-10,8,0,FALSE,4316907,Santa Maria,2.83564,NA,city
2020-04-10,7,0,FALSE,4317103,Sant'ana Do Livramento,9.08772,NA,city
2020-04-10,4,0,FALSE,4317202,Santa Rosa,5.46045,NA,city
2020-04-10,1,0,FALSE,4317400,Santiago,2.02327,NA,city
2020-04-10,2,0,FALSE,4317608,Santo Antônio Da Patrulha,4.66266,NA,city
2020-04-10,2,0,FALSE,4318051,São Domingos Do Sul,65.06181,NA,city
2020-04-10,1,0,FALSE,4318309,São Gabriel,1.61018,NA,city
2020-04-10,1,0,FALSE,4318440,São Jorge,35.41076,NA,city
2020-04-10,16,1,FALSE,4318705,São Leopoldo,6.75576,0.0625,city
2020-04-10,1,0,FALSE,4318804,São Lourenço Do Sul,2.29453,NA,city
2020-04-10,2,0,FALSE,4319505,São Sebastião Do Caí,7.78665,NA,city
2020-04-10,1,0,FALSE,4319901,Sapiranga,1.22348,NA,city
2020-04-10,3,0,FALSE,4320008,Sapucaia Do Sul,2.12653,NA,city
2020-04-10,1,0,FALSE,4320107,Sarandi,4.08347,NA,city
2020-04-10,5,0,FALSE,4320404,Serafina Corrêa,28.56816,NA,city
2020-04-10,4,0,FALSE,4320859,Tabaí,84.76372,NA,city
2020-04-10,1,0,FALSE,4321204,Taquara,1.74016,NA,city
2020-04-10,4,0,FALSE,4321303,Taquari,14.89092,NA,city
2020-04-10,9,0,FALSE,4321501,Torres,23.2366,NA,city
2020-04-10,1,0,FALSE,4321600,Tramandaí,1.93367,NA,city
2020-04-10,1,0,FALSE,4322251,Tupandi,20.59732,NA,city
2020-04-10,3,0,FALSE,4322400,Uruguaiana,2.36276,NA,city
2020-04-10,1,0,FALSE,4322509,Vacaria,1.51016,NA,city
2020-04-10,8,0,FALSE,4323002,Viamão,3.1345,NA,city
2020-04-10,1,0,FALSE,4323408,Vila Maria,22.94631,NA,city
2020-04-10,640,15,FALSE,NA,NA,5.62527,0.0234,state
2020-04-09,1,0,FALSE,4300406,Alegrete,1.3589,NA,city
2020-04-09,4,1,FALSE,4300604,Alvorada,1.902,0.25,city
2020-04-09,2,0,FALSE,4300703,Anta Gorda,33.43922,NA,city
2020-04-09,1,0,FALSE,4301057,Arroio Do Sal,9.93542,NA,city
2020-04-09,3,0,FALSE,4301107,Arroio Dos Ratos,21.19992,NA,city
2020-04-09,27,0,FALSE,4301602,Bagé,22.28771,NA,city
2020-04-09,11,0,FALSE,4302105,Bento Gonçalves,9.13212,NA,city
2020-04-09,1,0,FALSE,4302402,Bom Retiro Do Sul,8.11162,NA,city
2020-04-09,2,0,FALSE,4303004,Cachoeira Do Sul,2.43306,NA,city
2020-04-09,6,0,FALSE,4303103,Cachoeirinha,4.60501,NA,city
2020-04-09,4,0,FALSE,4303905,Campo Bom,5.99592,NA,city
2020-04-09,1,0,FALSE,4304507,Canguçu,1.78428,NA,city
2020-04-09,13,0,FALSE,4304606,Canoas,3.75055,NA,city
2020-04-09,2,0,FALSE,4304630,Capão Da Canoa,3.7701,NA,city
2020-04-09,1,0,FALSE,4304663,Capão Do Leão,3.94415,NA,city
2020-04-09,1,0,FALSE,4304804,Carlos Barbosa,3.35199,NA,city
2020-04-09,34,0,FALSE,4305108,Caxias Do Sul,6.65484,NA,city
2020-04-09,1,0,FALSE,4305173,Cerro Grande Do Sul,8.1706,NA,city
2020-04-09,1,0,FALSE,4305355,Charqueadas,2.45164,NA,city
2020-04-09,1,0,FALSE,4305454,Cidreira,6.15233,NA,city
2020-04-09,1,0,FALSE,4306205,Cruzeiro Do Sul,8.09848,NA,city
2020-04-09,2,0,FALSE,4306403,Dois Irmãos,6.12164,NA,city
2020-04-09,1,0,FALSE,4306601,Dom Pedrito,2.60004,NA,city
2020-04-09,1,0,FALSE,4306767,Eldorado Do Sul,2.42219,NA,city
2020-04-09,2,0,FALSE,4306809,Encantado,8.80824,NA,city
2020-04-09,3,0,FALSE,4307005,Erechim,2.83388,NA,city
2020-04-09,3,0,FALSE,4307609,Estância Velha,5.99736,NA,city
2020-04-09,2,0,FALSE,4307708,Esteio,2.40379,NA,city
2020-04-09,1,0,FALSE,4307807,Estrela,2.93118,NA,city
2020-04-09,5,0,FALSE,4307906,Farroupilha,6.91267,NA,city
2020-04-09,2,0,FALSE,4308607,Garibaldi,5.70288,NA,city
2020-04-09,1,0,FALSE,4309050,Glorinha,12.34873,NA,city
2020-04-09,14,0,FALSE,4309209,Gravataí,4.97302,NA,city
2020-04-09,1,0,FALSE,4309308,Guaíba,1.01892,NA,city
2020-04-09,3,0,FALSE,4309555,Harmonia,61.65228,NA,city
2020-04-09,4,1,FALSE,4310801,Ivoti,16.46565,0.25,city
2020-04-09,13,0,FALSE,4311403,Lajeado,15.47361,NA,city
2020-04-09,9,1,FALSE,4311809,Marau,20.37997,0.1111,city
2020-04-09,2,0,FALSE,4312252,Minas Do Leão,24.7678,NA,city
2020-04-09,1,0,FALSE,4312401,Montenegro,1.53224,NA,city
2020-04-09,1,0,FALSE,4313102,Nova Palma,15.35627,NA,city
2020-04-09,24,2,FALSE,4313409,Novo Hamburgo,9.72652,0.0833,city
2020-04-09,2,0,FALSE,4313508,Osório,4.34839,NA,city
2020-04-09,2,0,FALSE,4314001,Paraí,26.11989,NA,city
2020-04-09,1,0,FALSE,4314035,Pareci Novo,26.06203,NA,city
2020-04-09,17,2,FALSE,4314100,Passo Fundo,8.36305,0.1176,city
2020-04-09,5,0,FALSE,4314407,Pelotas,1.46026,NA,city
2020-04-09,1,0,FALSE,4314605,Piratini,4.83957,NA,city
2020-04-09,303,6,FALSE,4314902,Porto Alegre,20.42094,0.0198,city
2020-04-09,2,0,FALSE,4315602,Rio Grande,0.94784,NA,city
2020-04-09,1,0,FALSE,4316006,Rolante,4.68406,NA,city
2020-04-09,1,0,FALSE,4316600,Sananduva,6.14628,NA,city
2020-04-09,1,0,FALSE,4316808,Santa Cruz Do Sul,0.76678,NA,city
2020-04-09,8,0,FALSE,4316907,Santa Maria,2.83564,NA,city
2020-04-09,7,0,FALSE,4317103,Sant'ana Do Livramento,9.08772,NA,city
2020-04-09,4,0,FALSE,4317202,Santa Rosa,5.46045,NA,city
2020-04-09,1,0,FALSE,4317400,Santiago,2.02327,NA,city
2020-04-09,2,0,FALSE,4317608,Santo Antônio Da Patrulha,4.66266,NA,city
2020-04-09,2,0,FALSE,4318051,São Domingos Do Sul,65.06181,NA,city
2020-04-09,1,0,FALSE,4318309,São Gabriel,1.61018,NA,city
2020-04-09,1,0,FALSE,4318440,São Jorge,35.41076,NA,city
2020-04-09,16,1,FALSE,4318705,São Leopoldo,6.75576,0.0625,city
2020-04-09,1,0,FALSE,4318804,São Lourenço Do Sul,2.29453,NA,city
2020-04-09,2,0,FALSE,4319505,São Sebastião Do Caí,7.78665,NA,city
2020-04-09,1,0,FALSE,4319901,Sapiranga,1.22348,NA,city
2020-04-09,3,0,FALSE,4320008,Sapucaia Do Sul,2.12653,NA,city
2020-04-09,5,0,FALSE,4320404,Serafina Corrêa,28.56816,NA,city
2020-04-09,4,0,FALSE,4320859,Tabaí,84.76372,NA,city
2020-04-09,1,0,FALSE,4321204,Taquara,1.74016,NA,city
2020-04-09,4,0,FALSE,4321303,Taquari,14.89092,NA,city
2020-04-09,9,0,FALSE,4321501,Torres,23.2366,NA,city
2020-04-09,1,0,FALSE,4321600,Tramandaí,1.93367,NA,city
2020-04-09,1,0,FALSE,4322251,Tupandi,20.59732,NA,city
2020-04-09,3,0,FALSE,4322400,Uruguaiana,2.36276,NA,city
2020-04-09,1,0,FALSE,4322509,Vacaria,1.51016,NA,city
2020-04-09,8,0,FALSE,4323002,Viamão,3.1345,NA,city
2020-04-09,1,0,FALSE,4323408,Vila Maria,22.94631,NA,city
2020-04-09,636,14,FALSE,NA,NA,5.59011,0.022,state
2020-04-08,1,0,FALSE,4300406,Alegrete,1.3589,NA,city
2020-04-08,4,1,FALSE,4300604,Alvorada,1.902,0.25,city
2020-04-08,2,0,FALSE,4300703,Anta Gorda,33.43922,NA,city
2020-04-08,1,0,FALSE,4301057,Arroio Do Sal,9.93542,NA,city
2020-04-08,1,0,FALSE,4301107,Arroio Dos Ratos,7.06664,NA,city
2020-04-08,27,0,FALSE,4301602,Bagé,22.28771,NA,city
2020-04-08,11,0,FALSE,4302105,Bento Gonçalves,9.13212,NA,city
2020-04-08,2,0,FALSE,4303004,Cachoeira Do Sul,2.43306,NA,city
2020-04-08,4,0,FALSE,4303103,Cachoeirinha,3.07,NA,city
2020-04-08,4,0,FALSE,4303905,Campo Bom,5.99592,NA,city
2020-04-08,1,0,FALSE,4304507,Canguçu,1.78428,NA,city
2020-04-08,12,0,FALSE,4304606,Canoas,3.46204,NA,city
2020-04-08,2,0,FALSE,4304630,Capão Da Canoa,3.7701,NA,city
2020-04-08,1,0,FALSE,4304663,Capão Do Leão,3.94415,NA,city
2020-04-08,1,0,FALSE,4304804,Carlos Barbosa,3.35199,NA,city
2020-04-08,32,0,FALSE,4305108,Caxias Do Sul,6.26338,NA,city
2020-04-08,1,0,FALSE,4305173,Cerro Grande Do Sul,8.1706,NA,city
2020-04-08,1,0,FALSE,4305355,Charqueadas,2.45164,NA,city
2020-04-08,1,0,FALSE,4306205,Cruzeiro Do Sul,8.09848,NA,city
2020-04-08,2,0,FALSE,4306403,Dois Irmãos,6.12164,NA,city
2020-04-08,1,0,FALSE,4306601,Dom Pedrito,2.60004,NA,city
2020-04-08,1,0,FALSE,4306767,Eldorado Do Sul,2.42219,NA,city
2020-04-08,1,0,FALSE,4306809,Encantado,4.40412,NA,city
2020-04-08,3,0,FALSE,4307005,Erechim,2.83388,NA,city
2020-04-08,3,0,FALSE,4307609,Estância Velha,5.99736,NA,city
2020-04-08,1,0,FALSE,4307708,Esteio,1.20189,NA,city
2020-04-08,1,0,FALSE,4307807,Estrela,2.93118,NA,city
2020-04-08,5,0,FALSE,4307906,Farroupilha,6.91267,NA,city
2020-04-08,2,0,FALSE,4308607,Garibaldi,5.70288,NA,city
2020-04-08,1,0,FALSE,4309050,Glorinha,12.34873,NA,city
2020-04-08,11,0,FALSE,4309209,Gravataí,3.90737,NA,city
2020-04-08,1,0,FALSE,4309308,Guaíba,1.01892,NA,city
2020-04-08,3,0,FALSE,4309555,Harmonia,61.65228,NA,city
2020-04-08,4,1,FALSE,4310801,Ivoti,16.46565,0.25,city
2020-04-08,11,0,FALSE,4311403,Lajeado,13.09306,NA,city
2020-04-08,7,0,FALSE,4311809,Marau,15.85109,NA,city
2020-04-08,2,0,FALSE,4312252,Minas Do Leão,24.7678,NA,city
2020-04-08,1,0,FALSE,4313102,Nova Palma,15.35627,NA,city
2020-04-08,23,2,FALSE,4313409,Novo Hamburgo,9.32125,0.087,city
2020-04-08,2,0,FALSE,4313508,Osório,4.34839,NA,city
2020-04-08,2,0,FALSE,4314001,Paraí,26.11989,NA,city
2020-04-08,1,0,FALSE,4314035,Pareci Novo,26.06203,NA,city
2020-04-08,15,0,FALSE,4314100,Passo Fundo,7.37917,NA,city
2020-04-08,5,0,FALSE,4314407,Pelotas,1.46026,NA,city
2020-04-08,1,0,FALSE,4314605,Piratini,4.83957,NA,city
2020-04-08,279,6,FALSE,4314902,Porto Alegre,18.80344,0.0215,city
2020-04-08,2,0,FALSE,4315602,Rio Grande,0.94784,NA,city
2020-04-08,1,0,FALSE,4316006,Rolante,4.68406,NA,city
2020-04-08,1,0,FALSE,4316600,Sananduva,6.14628,NA,city
2020-04-08,1,0,FALSE,4316808,Santa Cruz Do Sul,0.76678,NA,city
2020-04-08,8,0,FALSE,4316907,Santa Maria,2.83564,NA,city
2020-04-08,7,0,FALSE,4317103,Sant'ana Do Livramento,9.08772,NA,city
2020-04-08,4,0,FALSE,4317202,Santa Rosa,5.46045,NA,city
2020-04-08,1,0,FALSE,4317400,Santiago,2.02327,NA,city
2020-04-08,1,0,FALSE,4317608,Santo Antônio Da Patrulha,2.33133,NA,city
2020-04-08,2,0,FALSE,4318051,São Domingos Do Sul,65.06181,NA,city
2020-04-08,1,0,FALSE,4318309,São Gabriel,1.61018,NA,city
2020-04-08,1,0,FALSE,4318440,São Jorge,35.41076,NA,city
2020-04-08,14,0,FALSE,4318705,São Leopoldo,5.91129,NA,city
2020-04-08,1,0,FALSE,4318804,São Lourenço Do Sul,2.29453,NA,city
2020-04-08,2,0,FALSE,4319505,São Sebastião Do Caí,7.78665,NA,city
2020-04-08,1,0,FALSE,4319901,Sapiranga,1.22348,NA,city
2020-04-08,3,0,FALSE,4320008,Sapucaia Do Sul,2.12653,NA,city
2020-04-08,3,0,FALSE,4320404,Serafina Corrêa,17.1409,NA,city
2020-04-08,4,0,FALSE,4320859,Tabaí,84.76372,NA,city
2020-04-08,1,0,FALSE,4321204,Taquara,1.74016,NA,city
2020-04-08,1,0,FALSE,4321303,Taquari,3.72273,NA,city
2020-04-08,9,0,FALSE,4321501,Torres,23.2366,NA,city
2020-04-08,1,0,FALSE,4321600,Tramandaí,1.93367,NA,city
2020-04-08,1,0,FALSE,4322251,Tupandi,20.59732,NA,city
2020-04-08,2,0,FALSE,4322400,Uruguaiana,1.57518,NA,city
2020-04-08,1,0,FALSE,4322509,Vacaria,1.51016,NA,city
2020-04-08,8,0,FALSE,4323002,Viamão,3.1345,NA,city
2020-04-08,1,0,FALSE,4323408,Vila Maria,22.94631,NA,city
2020-04-08,581,10,FALSE,NA,NA,5.10669,0.0172,state
2020-04-07,1,0,FALSE,4300406,Alegrete,1.3589,NA,city
2020-04-07,4,0,FALSE,4300604,Alvorada,1.902,NA,city
2020-04-07,2,0,FALSE,4300703,Anta Gorda,33.43922,NA,city
2020-04-07,1,0,FALSE,4301057,Arroio Do Sal,9.93542,NA,city
2020-04-07,27,0,FALSE,4301602,Bagé,22.28771,NA,city
2020-04-07,11,0,FALSE,4302105,Bento Gonçalves,9.13212,NA,city
2020-04-07,2,0,FALSE,4303004,Cachoeira Do Sul,2.43306,NA,city
2020-04-07,4,0,FALSE,4303103,Cachoeirinha,3.07,NA,city
2020-04-07,4,0,FALSE,4303905,Campo Bom,5.99592,NA,city
2020-04-07,1,0,FALSE,4304507,Canguçu,1.78428,NA,city
2020-04-07,12,0,FALSE,4304606,Canoas,3.46204,NA,city
2020-04-07,2,0,FALSE,4304630,Capão Da Canoa,3.7701,NA,city
2020-04-07,1,0,FALSE,4304663,Capão Do Leão,3.94415,NA,city
2020-04-07,1,0,FALSE,4304804,Carlos Barbosa,3.35199,NA,city
2020-04-07,31,0,FALSE,4305108,Caxias Do Sul,6.06765,NA,city
2020-04-07,1,0,FALSE,4305173,Cerro Grande Do Sul,8.1706,NA,city
2020-04-07,1,0,FALSE,4305355,Charqueadas,2.45164,NA,city
2020-04-07,1,0,FALSE,4306205,Cruzeiro Do Sul,8.09848,NA,city
2020-04-07,2,0,FALSE,4306403,Dois Irmãos,6.12164,NA,city
2020-04-07,1,0,FALSE,4306601,Dom Pedrito,2.60004,NA,city
2020-04-07,1,0,FALSE,4306767,Eldorado Do Sul,2.42219,NA,city
2020-04-07,1,0,FALSE,4306809,Encantado,4.40412,NA,city
2020-04-07,3,0,FALSE,4307005,Erechim,2.83388,NA,city
2020-04-07,3,0,FALSE,4307609,Estância Velha,5.99736,NA,city
2020-04-07,1,0,FALSE,4307708,Esteio,1.20189,NA,city
2020-04-07,1,0,FALSE,4307807,Estrela,2.93118,NA,city
2020-04-07,5,0,FALSE,4307906,Farroupilha,6.91267,NA,city
2020-04-07,2,0,FALSE,4308607,Garibaldi,5.70288,NA,city
2020-04-07,11,0,FALSE,4309209,Gravataí,3.90737,NA,city
2020-04-07,1,0,FALSE,4309308,Guaíba,1.01892,NA,city
2020-04-07,2,0,FALSE,4309555,Harmonia,41.10152,NA,city
2020-04-07,4,1,FALSE,4310801,Ivoti,16.46565,0.25,city
2020-04-07,11,0,FALSE,4311403,Lajeado,13.09306,NA,city
2020-04-07,7,0,FALSE,4311809,Marau,15.85109,NA,city
2020-04-07,2,0,FALSE,4312252,Minas Do Leão,24.7678,NA,city
2020-04-07,1,0,FALSE,4313102,Nova Palma,15.35627,NA,city
2020-04-07,23,2,FALSE,4313409,Novo Hamburgo,9.32125,0.087,city
2020-04-07,2,0,FALSE,4313508,Osório,4.34839,NA,city
2020-04-07,2,0,FALSE,4314001,Paraí,26.11989,NA,city
2020-04-07,1,0,FALSE,4314035,Pareci Novo,26.06203,NA,city
2020-04-07,14,0,FALSE,4314100,Passo Fundo,6.88722,NA,city
2020-04-07,5,0,FALSE,4314407,Pelotas,1.46026,NA,city
2020-04-07,1,0,FALSE,4314605,Piratini,4.83957,NA,city
2020-04-07,272,5,FALSE,4314902,Porto Alegre,18.33167,0.0184,city
2020-04-07,2,0,FALSE,4315602,Rio Grande,0.94784,NA,city
2020-04-07,1,0,FALSE,4316006,Rolante,4.68406,NA,city
2020-04-07,1,0,FALSE,4316600,Sananduva,6.14628,NA,city
2020-04-07,1,0,FALSE,4316808,Santa Cruz Do Sul,0.76678,NA,city
2020-04-07,2,0,FALSE,4316907,Santa Maria,0.70891,NA,city
2020-04-07,7,0,FALSE,4317103,Sant'ana Do Livramento,9.08772,NA,city
2020-04-07,3,0,FALSE,4317202,Santa Rosa,4.09534,NA,city
2020-04-07,1,0,FALSE,4317400,Santiago,2.02327,NA,city
2020-04-07,1,0,FALSE,4317608,Santo Antônio Da Patrulha,2.33133,NA,city
2020-04-07,2,0,FALSE,4318051,São Domingos Do Sul,65.06181,NA,city
2020-04-07,1,0,FALSE,4318309,São Gabriel,1.61018,NA,city
2020-04-07,1,0,FALSE,4318440,São Jorge,35.41076,NA,city
2020-04-07,9,0,FALSE,4318705,São Leopoldo,3.80011,NA,city
2020-04-07,1,0,FALSE,4318804,São Lourenço Do Sul,2.29453,NA,city
2020-04-07,2,0,FALSE,4319505,São Sebastião Do Caí,7.78665,NA,city
2020-04-07,1,0,FALSE,4319901,Sapiranga,1.22348,NA,city
2020-04-07,2,0,FALSE,4320008,Sapucaia Do Sul,1.41769,NA,city
2020-04-07,3,0,FALSE,4320404,Serafina Corrêa,17.1409,NA,city
2020-04-07,4,0,FALSE,4320859,Tabaí,84.76372,NA,city
2020-04-07,1,0,FALSE,4321204,Taquara,1.74016,NA,city
2020-04-07,1,0,FALSE,4321303,Taquari,3.72273,NA,city
2020-04-07,9,0,FALSE,4321501,Torres,23.2366,NA,city
2020-04-07,1,0,FALSE,4321600,Tramandaí,1.93367,NA,city
2020-04-07,1,0,FALSE,4322251,Tupandi,20.59732,NA,city
2020-04-07,2,0,FALSE,4322400,Uruguaiana,1.57518,NA,city
2020-04-07,8,0,FALSE,4323002,Viamão,3.1345,NA,city
2020-04-07,1,0,FALSE,4323408,Vila Maria,22.94631,NA,city
2020-04-07,555,8,FALSE,NA,NA,4.87816,0.0144,state
2020-04-06,1,0,FALSE,4300406,Alegrete,1.3589,NA,city
2020-04-06,4,0,FALSE,4300604,Alvorada,1.902,NA,city
2020-04-06,2,0,FALSE,4300703,Anta Gorda,33.43922,NA,city
2020-04-06,1,0,FALSE,4301057,Arroio Do Sal,9.93542,NA,city
2020-04-06,26,0,FALSE,4301602,Bagé,21.46224,NA,city
2020-04-06,9,0,FALSE,4302105,Bento Gonçalves,7.47173,NA,city
2020-04-06,2,0,FALSE,4303004,Cachoeira Do Sul,2.43306,NA,city
2020-04-06,4,0,FALSE,4303103,Cachoeirinha,3.07,NA,city
2020-04-06,4,0,FALSE,4303905,Campo Bom,5.99592,NA,city
2020-04-06,1,0,FALSE,4304507,Canguçu,1.78428,NA,city
2020-04-06,11,0,FALSE,4304606,Canoas,3.17354,NA,city
2020-04-06,2,0,FALSE,4304630,Capão Da Canoa,3.7701,NA,city
2020-04-06,1,0,FALSE,4304663,Capão Do Leão,3.94415,NA,city
2020-04-06,1,0,FALSE,4304804,Carlos Barbosa,3.35199,NA,city
2020-04-06,21,0,FALSE,4305108,Caxias Do Sul,4.11035,NA,city
2020-04-06,1,0,FALSE,4305173,Cerro Grande Do Sul,8.1706,NA,city
2020-04-06,1,0,FALSE,4305355,Charqueadas,2.45164,NA,city
2020-04-06,1,0,FALSE,4306205,Cruzeiro Do Sul,8.09848,NA,city
2020-04-06,2,0,FALSE,4306403,Dois Irmãos,6.12164,NA,city
2020-04-06,1,0,FALSE,4306601,Dom Pedrito,2.60004,NA,city
2020-04-06,1,0,FALSE,4306767,Eldorado Do Sul,2.42219,NA,city
2020-04-06,3,0,FALSE,4307005,Erechim,2.83388,NA,city
2020-04-06,3,0,FALSE,4307609,Estância Velha,5.99736,NA,city
2020-04-06,1,0,FALSE,4307708,Esteio,1.20189,NA,city
2020-04-06,1,0,FALSE,4307807,Estrela,2.93118,NA,city
2020-04-06,4,0,FALSE,4307906,Farroupilha,5.53013,NA,city
2020-04-06,1,0,FALSE,4308607,Garibaldi,2.85144,NA,city
2020-04-06,10,0,FALSE,4309209,Gravataí,3.55216,NA,city
2020-04-06,1,0,FALSE,4309308,Guaíba,1.01892,NA,city
2020-04-06,4,1,FALSE,4310801,Ivoti,16.46565,0.25,city
2020-04-06,8,0,FALSE,4311403,Lajeado,9.52222,NA,city
2020-04-06,7,0,FALSE,4311809,Marau,15.85109,NA,city
2020-04-06,2,0,FALSE,4312252,Minas Do Leão,24.7678,NA,city
2020-04-06,1,0,FALSE,4313102,Nova Palma,15.35627,NA,city
2020-04-06,20,2,FALSE,4313409,Novo Hamburgo,8.10544,0.1,city
2020-04-06,2,0,FALSE,4313508,Osório,4.34839,NA,city
2020-04-06,1,0,FALSE,4314001,Paraí,13.05995,NA,city
2020-04-06,11,0,FALSE,4314100,Passo Fundo,5.41139,NA,city
2020-04-06,5,0,FALSE,4314407,Pelotas,1.46026,NA,city
2020-04-06,1,0,FALSE,4314605,Piratini,4.83957,NA,city
2020-04-06,253,5,FALSE,4314902,Porto Alegre,17.05115,0.0198,city
2020-04-06,2,0,FALSE,4315602,Rio Grande,0.94784,NA,city
2020-04-06,1,0,FALSE,4316006,Rolante,4.68406,NA,city
2020-04-06,1,0,FALSE,4316600,Sananduva,6.14628,NA,city
2020-04-06,1,0,FALSE,4316808,Santa Cruz Do Sul,0.76678,NA,city
2020-04-06,2,0,FALSE,4316907,Santa Maria,0.70891,NA,city
2020-04-06,7,0,FALSE,4317103,Sant'ana Do Livramento,9.08772,NA,city
2020-04-06,3,0,FALSE,4317202,Santa Rosa,4.09534,NA,city
2020-04-06,1,0,FALSE,4317400,Santiago,2.02327,NA,city
2020-04-06,1,0,FALSE,4317608,Santo Antônio Da Patrulha,2.33133,NA,city
2020-04-06,2,0,FALSE,4318051,São Domingos Do Sul,65.06181,NA,city
2020-04-06,1,0,FALSE,4318309,São Gabriel,1.61018,NA,city
2020-04-06,1,0,FALSE,4318440,São Jorge,35.41076,NA,city
2020-04-06,8,0,FALSE,4318705,São Leopoldo,3.37788,NA,city
2020-04-06,1,0,FALSE,4318804,São Lourenço Do Sul,2.29453,NA,city
2020-04-06,2,0,FALSE,4319505,São Sebastião Do Caí,7.78665,NA,city
2020-04-06,1,0,FALSE,4319901,Sapiranga,1.22348,NA,city
2020-04-06,1,0,FALSE,4320008,Sapucaia Do Sul,0.70884,NA,city
2020-04-06,3,0,FALSE,4320404,Serafina Corrêa,17.1409,NA,city
2020-04-06,4,0,FALSE,4320859,Tabaí,84.76372,NA,city
2020-04-06,1,0,FALSE,4321204,Taquara,1.74016,NA,city
2020-04-06,1,0,FALSE,4321303,Taquari,3.72273,NA,city
2020-04-06,9,0,FALSE,4321501,Torres,23.2366,NA,city
2020-04-06,1,0,FALSE,4321600,Tramandaí,1.93367,NA,city
2020-04-06,2,0,FALSE,4322400,Uruguaiana,1.57518,NA,city
2020-04-06,7,0,FALSE,4323002,Viamão,2.74269,NA,city
2020-04-06,1,0,FALSE,4323408,Vila Maria,22.94631,NA,city
2020-04-06,501,8,FALSE,NA,NA,4.40353,0.016,state
2020-04-05,1,0,FALSE,4300406,Alegrete,1.3589,NA,city
2020-04-05,4,0,FALSE,4300604,Alvorada,1.902,NA,city
2020-04-05,2,0,FALSE,4300703,Anta Gorda,33.43922,NA,city
2020-04-05,1,0,FALSE,4301057,Arroio Do Sal,9.93542,NA,city
2020-04-05,24,0,FALSE,4301602,Bagé,19.8113,NA,city
2020-04-05,9,0,FALSE,4302105,Bento Gonçalves,7.47173,NA,city
2020-04-05,2,0,FALSE,4303004,Cachoeira Do Sul,2.43306,NA,city
2020-04-05,2,0,FALSE,4303103,Cachoeirinha,1.535,NA,city
2020-04-05,3,0,FALSE,4303905,Campo Bom,4.49694,NA,city
2020-04-05,1,0,FALSE,4304507,Canguçu,1.78428,NA,city
2020-04-05,10,0,FALSE,4304606,Canoas,2.88504,NA,city
2020-04-05,2,0,FALSE,4304630,Capão Da Canoa,3.7701,NA,city
2020-04-05,1,0,FALSE,4304663,Capão Do Leão,3.94415,NA,city
2020-04-05,1,0,FALSE,4304804,Carlos Barbosa,3.35199,NA,city
2020-04-05,15,0,FALSE,4305108,Caxias Do Sul,2.93596,NA,city
2020-04-05,1,0,FALSE,4305173,Cerro Grande Do Sul,8.1706,NA,city
2020-04-05,1,0,FALSE,4305355,Charqueadas,2.45164,NA,city
2020-04-05,1,0,FALSE,4306205,Cruzeiro Do Sul,8.09848,NA,city
2020-04-05,2,0,FALSE,4306403,Dois Irmãos,6.12164,NA,city
2020-04-05,1,0,FALSE,4306601,Dom Pedrito,2.60004,NA,city
2020-04-05,1,0,FALSE,4306767,Eldorado Do Sul,2.42219,NA,city
2020-04-05,3,0,FALSE,4307005,Erechim,2.83388,NA,city
2020-04-05,3,0,FALSE,4307609,Estância Velha,5.99736,NA,city
2020-04-05,1,0,FALSE,4307708,Esteio,1.20189,NA,city
2020-04-05,1,0,FALSE,4307807,Estrela,2.93118,NA,city
2020-04-05,3,0,FALSE,4307906,Farroupilha,4.1476,NA,city
2020-04-05,1,0,FALSE,4308607,Garibaldi,2.85144,NA,city
2020-04-05,9,0,FALSE,4309209,Gravataí,3.19694,NA,city
2020-04-05,1,0,FALSE,4309308,Guaíba,1.01892,NA,city
2020-04-05,4,1,FALSE,4310801,Ivoti,16.46565,0.25,city
2020-04-05,8,0,FALSE,4311403,Lajeado,9.52222,NA,city
2020-04-05,4,0,FALSE,4311809,Marau,9.05777,NA,city
2020-04-05,1,0,FALSE,4313102,Nova Palma,15.35627,NA,city
2020-04-05,19,1,FALSE,4313409,Novo Hamburgo,7.70016,0.0526,city
2020-04-05,1,0,FALSE,4313508,Osório,2.1742,NA,city
2020-04-05,1,0,FALSE,4314001,Paraí,13.05995,NA,city
2020-04-05,9,0,FALSE,4314100,Passo Fundo,4.4275,NA,city
2020-04-05,3,0,FALSE,4314407,Pelotas,0.87616,NA,city
2020-04-05,1,0,FALSE,4314605,Piratini,4.83957,NA,city
2020-04-05,254,5,FALSE,4314902,Porto Alegre,17.11854,0.0197,city
2020-04-05,2,0,FALSE,4315602,Rio Grande,0.94784,NA,city
2020-04-05,1,0,FALSE,4316006,Rolante,4.68406,NA,city
2020-04-05,1,0,FALSE,4316600,Sananduva,6.14628,NA,city
2020-04-05,1,0,FALSE,4316808,Santa Cruz Do Sul,0.76678,NA,city
2020-04-05,2,0,FALSE,4316907,Santa Maria,0.70891,NA,city
2020-04-05,6,0,FALSE,4317103,Sant'ana Do Livramento,7.78948,NA,city
2020-04-05,3,0,FALSE,4317202,Santa Rosa,4.09534,NA,city
2020-04-05,1,0,FALSE,4317400,Santiago,2.02327,NA,city
2020-04-05,1,0,FALSE,4317608,Santo Antônio Da Patrulha,2.33133,NA,city
2020-04-05,1,0,FALSE,4318051,São Domingos Do Sul,32.5309,NA,city
2020-04-05,1,0,FALSE,4318309,São Gabriel,1.61018,NA,city
2020-04-05,1,0,FALSE,4318440,São Jorge,35.41076,NA,city
2020-04-05,8,0,FALSE,4318705,São Leopoldo,3.37788,NA,city
2020-04-05,2,0,FALSE,4319505,São Sebastião Do Caí,7.78665,NA,city
2020-04-05,1,0,FALSE,4319901,Sapiranga,1.22348,NA,city
2020-04-05,1,0,FALSE,4320008,Sapucaia Do Sul,0.70884,NA,city
2020-04-05,3,0,FALSE,4320404,Serafina Corrêa,17.1409,NA,city
2020-04-05,1,0,FALSE,4321204,Taquara,1.74016,NA,city
2020-04-05,1,0,FALSE,4321303,Taquari,3.72273,NA,city
2020-04-05,9,0,FALSE,4321501,Torres,23.2366,NA,city
2020-04-05,1,0,FALSE,4321600,Tramandaí,1.93367,NA,city
2020-04-05,1,0,FALSE,4322400,Uruguaiana,0.78759,NA,city
2020-04-05,6,0,FALSE,4323002,Viamão,2.35088,NA,city
2020-04-05,1,0,FALSE,4323408,Vila Maria,22.94631,NA,city
2020-04-05,468,7,FALSE,NA,NA,4.11348,0.015,state
2020-04-04,1,0,FALSE,4300406,Alegrete,1.3589,NA,city
2020-04-04,3,0,FALSE,4300604,Alvorada,1.4265,NA,city
2020-04-04,2,0,FALSE,4300703,Anta Gorda,33.43922,NA,city
2020-04-04,18,0,FALSE,4301602,Bagé,14.85847,NA,city
2020-04-04,9,0,FALSE,4302105,Bento Gonçalves,7.47173,NA,city
2020-04-04,1,0,FALSE,4303004,Cachoeira Do Sul,1.21653,NA,city
2020-04-04,2,0,FALSE,4303103,Cachoeirinha,1.535,NA,city
2020-04-04,3,0,FALSE,4303905,Campo Bom,4.49694,NA,city
2020-04-04,1,0,FALSE,4304507,Canguçu,1.78428,NA,city
2020-04-04,8,0,FALSE,4304606,Canoas,2.30803,NA,city
2020-04-04,2,0,FALSE,4304630,Capão Da Canoa,3.7701,NA,city
2020-04-04,1,0,FALSE,4304663,Capão Do Leão,3.94415,NA,city
2020-04-04,1,0,FALSE,4304804,Carlos Barbosa,3.35199,NA,city
2020-04-04,13,0,FALSE,4305108,Caxias Do Sul,2.5445,NA,city
2020-04-04,1,0,FALSE,4305173,Cerro Grande Do Sul,8.1706,NA,city
2020-04-04,1,0,FALSE,4305355,Charqueadas,2.45164,NA,city
2020-04-04,1,0,FALSE,4306205,Cruzeiro Do Sul,8.09848,NA,city
2020-04-04,2,0,FALSE,4306403,Dois Irmãos,6.12164,NA,city
2020-04-04,1,0,FALSE,4306601,Dom Pedrito,2.60004,NA,city
2020-04-04,1,0,FALSE,4306767,Eldorado Do Sul,2.42219,NA,city
2020-04-04,3,0,FALSE,4307005,Erechim,2.83388,NA,city
2020-04-04,3,0,FALSE,4307609,Estância Velha,5.99736,NA,city
2020-04-04,1,0,FALSE,4307807,Estrela,2.93118,NA,city
2020-04-04,2,0,FALSE,4307906,Farroupilha,2.76507,NA,city
2020-04-04,1,0,FALSE,4308607,Garibaldi,2.85144,NA,city
2020-04-04,9,0,FALSE,4309209,Gravataí,3.19694,NA,city
2020-04-04,1,0,FALSE,4309308,Guaíba,1.01892,NA,city
2020-04-04,4,1,FALSE,4310801,Ivoti,16.46565,0.25,city
2020-04-04,6,0,FALSE,4311403,Lajeado,7.14167,NA,city
2020-04-04,3,0,FALSE,4311809,Marau,6.79332,NA,city
2020-04-04,1,0,FALSE,4313102,Nova Palma,15.35627,NA,city
2020-04-04,14,2,FALSE,4313409,Novo Hamburgo,5.6738,0.1429,city
2020-04-04,1,0,FALSE,4313508,Osório,2.1742,NA,city
2020-04-04,1,0,FALSE,4314001,Paraí,13.05995,NA,city
2020-04-04,3,0,FALSE,4314100,Passo Fundo,1.47583,NA,city
2020-04-04,3,0,FALSE,4314407,Pelotas,0.87616,NA,city
2020-04-04,1,0,FALSE,4314605,Piratini,4.83957,NA,city
2020-04-04,241,4,FALSE,4314902,Porto Alegre,16.2424,0.0166,city
2020-04-04,2,0,FALSE,4315602,Rio Grande,0.94784,NA,city
2020-04-04,1,0,FALSE,4316006,Rolante,4.68406,NA,city
2020-04-04,2,0,FALSE,4316907,Santa Maria,0.70891,NA,city
2020-04-04,5,0,FALSE,4317103,Sant'ana Do Livramento,6.49123,NA,city
2020-04-04,2,0,FALSE,4317202,Santa Rosa,2.73023,NA,city
2020-04-04,1,0,FALSE,4317400,Santiago,2.02327,NA,city
2020-04-04,1,0,FALSE,4317608,Santo Antônio Da Patrulha,2.33133,NA,city
2020-04-04,1,0,FALSE,4318051,São Domingos Do Sul,32.5309,NA,city
2020-04-04,1,0,FALSE,4318309,São Gabriel,1.61018,NA,city
2020-04-04,8,0,FALSE,4318705,São Leopoldo,3.37788,NA,city
2020-04-04,2,0,FALSE,4319505,São Sebastião Do Caí,7.78665,NA,city
2020-04-04,1,0,FALSE,4319901,Sapiranga,1.22348,NA,city
2020-04-04,1,0,FALSE,4320008,Sapucaia Do Sul,0.70884,NA,city
2020-04-04,3,0,FALSE,4320404,Serafina Corrêa,17.1409,NA,city
2020-04-04,1,0,FALSE,4321204,Taquara,1.74016,NA,city
2020-04-04,1,0,FALSE,4321303,Taquari,3.72273,NA,city
2020-04-04,8,0,FALSE,4321501,Torres,20.65476,NA,city
2020-04-04,1,0,FALSE,4321600,Tramandaí,1.93367,NA,city
2020-04-04,1,0,FALSE,4322400,Uruguaiana,0.78759,NA,city
2020-04-04,4,0,FALSE,4323002,Viamão,1.56725,NA,city
2020-04-04,1,0,FALSE,4323408,Vila Maria,22.94631,NA,city
2020-04-04,418,7,FALSE,NA,NA,3.674,0.0167,state
2020-04-03,1,0,FALSE,4300406,Alegrete,1.3589,NA,city
2020-04-03,3,0,FALSE,4300604,Alvorada,1.4265,NA,city
2020-04-03,2,0,FALSE,4300703,Anta Gorda,33.43922,NA,city
2020-04-03,18,0,FALSE,4301602,Bagé,14.85847,NA,city
2020-04-03,9,0,FALSE,4302105,Bento Gonçalves,7.47173,NA,city
2020-04-03,1,0,FALSE,4303004,Cachoeira Do Sul,1.21653,NA,city
2020-04-03,2,0,FALSE,4303103,Cachoeirinha,1.535,NA,city
2020-04-03,3,0,FALSE,4303905,Campo Bom,4.49694,NA,city
2020-04-03,1,0,FALSE,4304507,Canguçu,1.78428,NA,city
2020-04-03,8,0,FALSE,4304606,Canoas,2.30803,NA,city
2020-04-03,2,0,FALSE,4304630,Capão Da Canoa,3.7701,NA,city
2020-04-03,1,0,FALSE,4304663,Capão Do Leão,3.94415,NA,city
2020-04-03,1,0,FALSE,4304804,Carlos Barbosa,3.35199,NA,city
2020-04-03,13,0,FALSE,4305108,Caxias Do Sul,2.5445,NA,city
2020-04-03,1,0,FALSE,4305173,Cerro Grande Do Sul,8.1706,NA,city
2020-04-03,1,0,FALSE,4305355,Charqueadas,2.45164,NA,city
2020-04-03,1,0,FALSE,4306205,Cruzeiro Do Sul,8.09848,NA,city
2020-04-03,2,0,FALSE,4306403,Dois Irmãos,6.12164,NA,city
2020-04-03,1,0,FALSE,4306601,Dom Pedrito,2.60004,NA,city
2020-04-03,1,0,FALSE,4306767,Eldorado Do Sul,2.42219,NA,city
2020-04-03,3,0,FALSE,4307005,Erechim,2.83388,NA,city
2020-04-03,3,0,FALSE,4307609,Estância Velha,5.99736,NA,city
2020-04-03,1,0,FALSE,4307807,Estrela,2.93118,NA,city
2020-04-03,2,0,FALSE,4307906,Farroupilha,2.76507,NA,city
2020-04-03,1,0,FALSE,4308607,Garibaldi,2.85144,NA,city
2020-04-03,9,0,FALSE,4309209,Gravataí,3.19694,NA,city
2020-04-03,1,0,FALSE,4309308,Guaíba,1.01892,NA,city
2020-04-03,4,1,FALSE,4310801,Ivoti,16.46565,0.25,city
2020-04-03,6,0,FALSE,4311403,Lajeado,7.14167,NA,city
2020-04-03,3,0,FALSE,4311809,Marau,6.79332,NA,city
2020-04-03,1,0,FALSE,4313102,Nova Palma,15.35627,NA,city
2020-04-03,14,1,FALSE,4313409,Novo Hamburgo,5.6738,0.0714,city
2020-04-03,1,0,FALSE,4313508,Osório,2.1742,NA,city
2020-04-03,1,0,FALSE,4314001,Paraí,13.05995,NA,city
2020-04-03,3,0,FALSE,4314100,Passo Fundo,1.47583,NA,city
2020-04-03,3,0,FALSE,4314407,Pelotas,0.87616,NA,city
2020-04-03,1,0,FALSE,4314605,Piratini,4.83957,NA,city
2020-04-03,233,4,FALSE,4314902,Porto Alegre,15.70323,0.0172,city
2020-04-03,2,0,FALSE,4315602,Rio Grande,0.94784,NA,city
2020-04-03,1,0,FALSE,4316006,Rolante,4.68406,NA,city
2020-04-03,2,0,FALSE,4316907,Santa Maria,0.70891,NA,city
2020-04-03,5,0,FALSE,4317103,Sant'ana Do Livramento,6.49123,NA,city
2020-04-03,2,0,FALSE,4317202,Santa Rosa,2.73023,NA,city
2020-04-03,1,0,FALSE,4317400,Santiago,2.02327,NA,city
2020-04-03,1,0,FALSE,4317608,Santo Antônio Da Patrulha,2.33133,NA,city
2020-04-03,1,0,FALSE,4318051,São Domingos Do Sul,32.5309,NA,city
2020-04-03,1,0,FALSE,4318309,São Gabriel,1.61018,NA,city
2020-04-03,8,0,FALSE,4318705,São Leopoldo,3.37788,NA,city
2020-04-03,2,0,FALSE,4319505,São Sebastião Do Caí,7.78665,NA,city
2020-04-03,1,0,FALSE,4319901,Sapiranga,1.22348,NA,city
2020-04-03,1,0,FALSE,4320008,Sapucaia Do Sul,0.70884,NA,city
2020-04-03,3,0,FALSE,4320404,Serafina Corrêa,17.1409,NA,city
2020-04-03,1,0,FALSE,4321204,Taquara,1.74016,NA,city
2020-04-03,1,0,FALSE,4321303,Taquari,3.72273,NA,city
2020-04-03,8,0,FALSE,4321501,Torres,20.65476,NA,city
2020-04-03,1,0,FALSE,4321600,Tramandaí,1.93367,NA,city
2020-04-03,1,0,FALSE,4322400,Uruguaiana,0.78759,NA,city
2020-04-03,4,0,FALSE,4323002,Viamão,1.56725,NA,city
2020-04-03,1,0,FALSE,4323408,Vila Maria,22.94631,NA,city
2020-04-03,410,6,FALSE,NA,NA,3.60369,0.0146,state
2020-04-02,1,0,FALSE,4300406,Alegrete,1.3589,NA,city
2020-04-02,3,0,FALSE,4300604,Alvorada,1.4265,NA,city
2020-04-02,2,0,FALSE,4300703,Anta Gorda,33.43922,NA,city
2020-04-02,16,0,FALSE,4301602,Bagé,13.20753,NA,city
2020-04-02,4,0,FALSE,4302105,Bento Gonçalves,3.32077,NA,city
2020-04-02,1,0,FALSE,4303004,Cachoeira Do Sul,1.21653,NA,city
2020-04-02,2,0,FALSE,4303103,Cachoeirinha,1.535,NA,city
2020-04-02,2,0,FALSE,4303905,Campo Bom,2.99796,NA,city
2020-04-02,1,0,FALSE,4304507,Canguçu,1.78428,NA,city
2020-04-02,8,0,FALSE,4304606,Canoas,2.30803,NA,city
2020-04-02,2,0,FALSE,4304630,Capão Da Canoa,3.7701,NA,city
2020-04-02,1,0,FALSE,4304663,Capão Do Leão,3.94415,NA,city
2020-04-02,1,0,FALSE,4304804,Carlos Barbosa,3.35199,NA,city
2020-04-02,13,0,FALSE,4305108,Caxias Do Sul,2.5445,NA,city
2020-04-02,1,0,FALSE,4305173,Cerro Grande Do Sul,8.1706,NA,city
2020-04-02,1,0,FALSE,4305355,Charqueadas,2.45164,NA,city
2020-04-02,1,0,FALSE,4306205,Cruzeiro Do Sul,8.09848,NA,city
2020-04-02,2,0,FALSE,4306403,Dois Irmãos,6.12164,NA,city
2020-04-02,1,0,FALSE,4306601,Dom Pedrito,2.60004,NA,city
2020-04-02,1,0,FALSE,4306767,Eldorado Do Sul,2.42219,NA,city
2020-04-02,3,0,FALSE,4307005,Erechim,2.83388,NA,city
2020-04-02,3,0,FALSE,4307609,Estância Velha,5.99736,NA,city
2020-04-02,1,0,FALSE,4307807,Estrela,2.93118,NA,city
2020-04-02,1,0,FALSE,4307906,Farroupilha,1.38253,NA,city
2020-04-02,1,0,FALSE,4308607,Garibaldi,2.85144,NA,city
2020-04-02,9,0,FALSE,4309209,Gravataí,3.19694,NA,city
2020-04-02,1,0,FALSE,4309308,Guaíba,1.01892,NA,city
2020-04-02,4,1,FALSE,4310801,Ivoti,16.46565,0.25,city
2020-04-02,6,0,FALSE,4311403,Lajeado,7.14167,NA,city
2020-04-02,3,0,FALSE,4311809,Marau,6.79332,NA,city
2020-04-02,1,0,FALSE,4313102,Nova Palma,15.35627,NA,city
2020-04-02,4,1,FALSE,4313409,Novo Hamburgo,1.62109,0.25,city
2020-04-02,1,0,FALSE,4313508,Osório,2.1742,NA,city
2020-04-02,1,0,FALSE,4314001,Paraí,13.05995,NA,city
2020-04-02,2,0,FALSE,4314100,Passo Fundo,0.98389,NA,city
2020-04-02,2,0,FALSE,4314407,Pelotas,0.5841,NA,city
2020-04-02,1,0,FALSE,4314605,Piratini,4.83957,NA,city
2020-04-02,232,3,FALSE,4314902,Porto Alegre,15.63584,0.0129,city
2020-04-02,2,0,FALSE,4315602,Rio Grande,0.94784,NA,city
2020-04-02,1,0,FALSE,4316006,Rolante,4.68406,NA,city
2020-04-02,2,0,FALSE,4316907,Santa Maria,0.70891,NA,city
2020-04-02,5,0,FALSE,4317103,Sant'ana Do Livramento,6.49123,NA,city
2020-04-02,1,0,FALSE,4317202,Santa Rosa,1.36511,NA,city
2020-04-02,1,0,FALSE,4317400,Santiago,2.02327,NA,city
2020-04-02,1,0,FALSE,4317608,Santo Antônio Da Patrulha,2.33133,NA,city
2020-04-02,1,0,FALSE,4318051,São Domingos Do Sul,32.5309,NA,city
2020-04-02,1,0,FALSE,4318309,São Gabriel,1.61018,NA,city
2020-04-02,8,0,FALSE,4318705,São Leopoldo,3.37788,NA,city
2020-04-02,2,0,FALSE,4319505,São Sebastião Do Caí,7.78665,NA,city
2020-04-02,1,0,FALSE,4319901,Sapiranga,1.22348,NA,city
2020-04-02,1,0,FALSE,4320008,Sapucaia Do Sul,0.70884,NA,city
2020-04-02,3,0,FALSE,4320404,Serafina Corrêa,17.1409,NA,city
2020-04-02,1,0,FALSE,4321204,Taquara,1.74016,NA,city
2020-04-02,1,0,FALSE,4321303,Taquari,3.72273,NA,city
2020-04-02,7,0,FALSE,4321501,Torres,18.07291,NA,city
2020-04-02,1,0,FALSE,4321600,Tramandaí,1.93367,NA,city
2020-04-02,1,0,FALSE,4322400,Uruguaiana,0.78759,NA,city
2020-04-02,4,0,FALSE,4323002,Viamão,1.56725,NA,city
2020-04-02,1,0,FALSE,4323408,Vila Maria,22.94631,NA,city
2020-04-02,386,5,FALSE,NA,NA,3.39274,0.013,state
2020-04-01,1,0,FALSE,4300406,Alegrete,1.3589,NA,city
2020-04-01,2,0,FALSE,4300604,Alvorada,0.951,NA,city
2020-04-01,2,0,FALSE,4300703,Anta Gorda,33.43922,NA,city
2020-04-01,15,0,FALSE,4301602,Bagé,12.38206,NA,city
2020-04-01,2,0,FALSE,4302105,Bento Gonçalves,1.66038,NA,city
2020-04-01,1,0,FALSE,4303004,Cachoeira Do Sul,1.21653,NA,city
2020-04-01,1,0,FALSE,4303103,Cachoeirinha,0.7675,NA,city
2020-04-01,2,0,FALSE,4303905,Campo Bom,2.99796,NA,city
2020-04-01,1,0,FALSE,4304507,Canguçu,1.78428,NA,city
2020-04-01,8,0,FALSE,4304606,Canoas,2.30803,NA,city
2020-04-01,2,0,FALSE,4304630,Capão Da Canoa,3.7701,NA,city
2020-04-01,1,0,FALSE,4304663,Capão Do Leão,3.94415,NA,city
2020-04-01,1,0,FALSE,4304804,Carlos Barbosa,3.35199,NA,city
2020-04-01,13,0,FALSE,4305108,Caxias Do Sul,2.5445,NA,city
2020-04-01,1,0,FALSE,4305173,Cerro Grande Do Sul,8.1706,NA,city
2020-04-01,1,0,FALSE,4305355,Charqueadas,2.45164,NA,city
2020-04-01,1,0,FALSE,4306205,Cruzeiro Do Sul,8.09848,NA,city
2020-04-01,1,0,FALSE,4306403,Dois Irmãos,3.06082,NA,city
2020-04-01,1,0,FALSE,4306601,Dom Pedrito,2.60004,NA,city
2020-04-01,1,0,FALSE,4306767,Eldorado Do Sul,2.42219,NA,city
2020-04-01,3,0,FALSE,4307005,Erechim,2.83388,NA,city
2020-04-01,2,0,FALSE,4307609,Estância Velha,3.99824,NA,city
2020-04-01,1,0,FALSE,4307807,Estrela,2.93118,NA,city
2020-04-01,1,0,FALSE,4307906,Farroupilha,1.38253,NA,city
2020-04-01,1,0,FALSE,4308607,Garibaldi,2.85144,NA,city
2020-04-01,4,0,FALSE,4309209,Gravataí,1.42086,NA,city
2020-04-01,3,1,FALSE,4310801,Ivoti,12.34924,0.3333,city
2020-04-01,5,0,FALSE,4311403,Lajeado,5.95139,NA,city
2020-04-01,2,0,FALSE,4311809,Marau,4.52888,NA,city
2020-04-01,1,0,FALSE,4313102,Nova Palma,15.35627,NA,city
2020-04-01,3,1,FALSE,4313409,Novo Hamburgo,1.21582,0.3333,city
2020-04-01,1,0,FALSE,4313508,Osório,2.1742,NA,city
2020-04-01,1,0,FALSE,4314001,Paraí,13.05995,NA,city
2020-04-01,1,0,FALSE,4314100,Passo Fundo,0.49194,NA,city
2020-04-01,2,0,FALSE,4314407,Pelotas,0.5841,NA,city
2020-04-01,1,0,FALSE,4314605,Piratini,4.83957,NA,city
2020-04-01,190,3,FALSE,4314902,Porto Alegre,12.80521,0.0158,city
2020-04-01,2,0,FALSE,4315602,Rio Grande,0.94784,NA,city
2020-04-01,1,0,FALSE,4316006,Rolante,4.68406,NA,city
2020-04-01,2,0,FALSE,4316907,Santa Maria,0.70891,NA,city
2020-04-01,5,0,FALSE,4317103,Sant'ana Do Livramento,6.49123,NA,city
2020-04-01,1,0,FALSE,4317202,Santa Rosa,1.36511,NA,city
2020-04-01,1,0,FALSE,4317400,Santiago,2.02327,NA,city
2020-04-01,1,0,FALSE,4317608,Santo Antônio Da Patrulha,2.33133,NA,city
2020-04-01,1,0,FALSE,4318051,São Domingos Do Sul,32.5309,NA,city
2020-04-01,4,0,FALSE,4318705,São Leopoldo,1.68894,NA,city
2020-04-01,2,0,FALSE,4319505,São Sebastião Do Caí,7.78665,NA,city
2020-04-01,1,0,FALSE,4319901,Sapiranga,1.22348,NA,city
2020-04-01,3,0,FALSE,4320404,Serafina Corrêa,17.1409,NA,city
2020-04-01,1,0,FALSE,4321204,Taquara,1.74016,NA,city
2020-04-01,1,0,FALSE,4321303,Taquari,3.72273,NA,city
2020-04-01,7,0,FALSE,4321501,Torres,18.07291,NA,city
2020-04-01,3,0,FALSE,4323002,Viamão,1.17544,NA,city
2020-04-01,316,5,FALSE,NA,NA,2.77748,0.0158,state
2020-03-31,2,0,FALSE,4300604,Alvorada,0.951,NA,city
2020-03-31,2,0,FALSE,4300703,Anta Gorda,33.43922,NA,city
2020-03-31,15,0,FALSE,4301602,Bagé,12.38206,NA,city
2020-03-31,2,0,FALSE,4302105,Bento Gonçalves,1.66038,NA,city
2020-03-31,1,0,FALSE,4303004,Cachoeira Do Sul,1.21653,NA,city
2020-03-31,1,0,FALSE,4303103,Cachoeirinha,0.7675,NA,city
2020-03-31,2,0,FALSE,4303905,Campo Bom,2.99796,NA,city
2020-03-31,1,0,FALSE,4304507,Canguçu,1.78428,NA,city
2020-03-31,8,0,FALSE,4304606,Canoas,2.30803,NA,city
2020-03-31,2,0,FALSE,4304630,Capão Da Canoa,3.7701,NA,city
2020-03-31,1,0,FALSE,4304663,Capão Do Leão,3.94415,NA,city
2020-03-31,1,0,FALSE,4304804,Carlos Barbosa,3.35199,NA,city
2020-03-31,13,0,FALSE,4305108,Caxias Do Sul,2.5445,NA,city
2020-03-31,1,0,FALSE,4305173,Cerro Grande Do Sul,8.1706,NA,city
2020-03-31,1,0,FALSE,4305355,Charqueadas,2.45164,NA,city
2020-03-31,1,0,FALSE,4306205,Cruzeiro Do Sul,8.09848,NA,city
2020-03-31,1,0,FALSE,4306403,Dois Irmãos,3.06082,NA,city
2020-03-31,1,0,FALSE,4306601,Dom Pedrito,2.60004,NA,city
2020-03-31,1,0,FALSE,4306767,Eldorado Do Sul,2.42219,NA,city
2020-03-31,3,0,FALSE,4307005,Erechim,2.83388,NA,city
2020-03-31,2,0,FALSE,4307609,Estância Velha,3.99824,NA,city
2020-03-31,1,0,FALSE,4307807,Estrela,2.93118,NA,city
2020-03-31,1,0,FALSE,4307906,Farroupilha,1.38253,NA,city
2020-03-31,1,0,FALSE,4308607,Garibaldi,2.85144,NA,city
2020-03-31,1,0,FALSE,4309209,Gravataí,0.35522,NA,city
2020-03-31,3,1,FALSE,4310801,Ivoti,12.34924,0.3333,city
2020-03-31,5,0,FALSE,4311403,Lajeado,5.95139,NA,city
2020-03-31,1,0,FALSE,4311809,Marau,2.26444,NA,city
2020-03-31,1,0,FALSE,4313102,Nova Palma,15.35627,NA,city
2020-03-31,2,1,FALSE,4313409,Novo Hamburgo,0.81054,0.5,city
2020-03-31,1,0,FALSE,4313508,Osório,2.1742,NA,city
2020-03-31,1,0,FALSE,4314001,Paraí,13.05995,NA,city
2020-03-31,1,0,FALSE,4314100,Passo Fundo,0.49194,NA,city
2020-03-31,2,0,FALSE,4314407,Pelotas,0.5841,NA,city
2020-03-31,1,0,FALSE,4314605,Piratini,4.83957,NA,city
2020-03-31,190,2,FALSE,4314902,Porto Alegre,12.80521,0.0105,city
2020-03-31,2,0,FALSE,4315602,Rio Grande,0.94784,NA,city
2020-03-31,1,0,FALSE,4316006,Rolante,4.68406,NA,city
2020-03-31,2,0,FALSE,4316907,Santa Maria,0.70891,NA,city
2020-03-31,4,0,FALSE,4317103,Sant'ana Do Livramento,5.19298,NA,city
2020-03-31,1,0,FALSE,4317202,Santa Rosa,1.36511,NA,city
2020-03-31,1,0,FALSE,4317400,Santiago,2.02327,NA,city
2020-03-31,1,0,FALSE,4317608,Santo Antônio Da Patrulha,2.33133,NA,city
2020-03-31,1,0,FALSE,4318051,São Domingos Do Sul,32.5309,NA,city
2020-03-31,4,0,FALSE,4318705,São Leopoldo,1.68894,NA,city
2020-03-31,1,0,FALSE,4319901,Sapiranga,1.22348,NA,city
2020-03-31,3,0,FALSE,4320404,Serafina Corrêa,17.1409,NA,city
2020-03-31,1,0,FALSE,4321204,Taquara,1.74016,NA,city
2020-03-31,1,0,FALSE,4321303,Taquari,3.72273,NA,city
2020-03-31,7,0,FALSE,4321501,Torres,18.07291,NA,city
2020-03-31,1,0,FALSE,4323002,Viamão,0.39181,NA,city
2020-03-31,305,4,FALSE,NA,NA,2.68079,0.0131,state
2020-03-30,2,0,FALSE,4300604,Alvorada,0.951,NA,city
2020-03-30,2,0,FALSE,4300703,Anta Gorda,33.43922,NA,city
2020-03-30,15,0,FALSE,4301602,Bagé,12.38206,NA,city
2020-03-30,2,0,FALSE,4302105,Bento Gonçalves,1.66038,NA,city
2020-03-30,1,0,FALSE,4303004,Cachoeira Do Sul,1.21653,NA,city
2020-03-30,0,0,TRUE,4303509,Camaquã,NA,NA,city
2020-03-30,2,0,FALSE,4303905,Campo Bom,2.99796,NA,city
2020-03-30,1,0,FALSE,4304507,Canguçu,1.78428,NA,city
2020-03-30,8,0,FALSE,4304606,Canoas,2.30803,NA,city
2020-03-30,2,0,FALSE,4304630,Capão Da Canoa,3.7701,NA,city
2020-03-30,1,0,FALSE,4304804,Carlos Barbosa,3.35199,NA,city
2020-03-30,13,0,FALSE,4305108,Caxias Do Sul,2.5445,NA,city
2020-03-30,1,0,FALSE,4305173,Cerro Grande Do Sul,8.1706,NA,city
2020-03-30,1,0,FALSE,4305355,Charqueadas,2.45164,NA,city
2020-03-30,1,0,FALSE,4306205,Cruzeiro Do Sul,8.09848,NA,city
2020-03-30,1,0,FALSE,4306403,Dois Irmãos,3.06082,NA,city
2020-03-30,1,0,FALSE,4306601,Dom Pedrito,2.60004,NA,city
2020-03-30,1,0,FALSE,4306767,Eldorado Do Sul,2.42219,NA,city
2020-03-30,3,0,FALSE,4307005,Erechim,2.83388,NA,city
2020-03-30,2,0,FALSE,4307609,Estância Velha,3.99824,NA,city
2020-03-30,1,0,FALSE,4307807,Estrela,2.93118,NA,city
2020-03-30,1,0,FALSE,4307906,Farroupilha,1.38253,NA,city
2020-03-30,1,0,FALSE,4308607,Garibaldi,2.85144,NA,city
2020-03-30,1,0,FALSE,4309209,Gravataí,0.35522,NA,city
2020-03-30,3,1,FALSE,4310801,Ivoti,12.34924,0.3333,city
2020-03-30,5,0,FALSE,4311403,Lajeado,5.95139,NA,city
2020-03-30,1,0,FALSE,4311809,Marau,2.26444,NA,city
2020-03-30,1,0,FALSE,4313102,Nova Palma,15.35627,NA,city
2020-03-30,2,1,FALSE,4313409,Novo Hamburgo,0.81054,0.5,city
2020-03-30,1,0,FALSE,4313508,Osório,2.1742,NA,city
2020-03-30,1,0,FALSE,4314001,Paraí,13.05995,NA,city
2020-03-30,1,0,FALSE,4314100,Passo Fundo,0.49194,NA,city
2020-03-30,2,0,FALSE,4314407,Pelotas,0.5841,NA,city
2020-03-30,1,0,FALSE,4314605,Piratini,4.83957,NA,city
2020-03-30,143,2,FALSE,4314902,Porto Alegre,9.63761,0.014,city
2020-03-30,2,0,FALSE,4315602,Rio Grande,0.94784,NA,city
2020-03-30,1,0,FALSE,4316006,Rolante,4.68406,NA,city
2020-03-30,2,0,FALSE,4316907,Santa Maria,0.70891,NA,city
2020-03-30,4,0,FALSE,4317103,Sant'ana Do Livramento,5.19298,NA,city
2020-03-30,1,0,FALSE,4317202,Santa Rosa,1.36511,NA,city
2020-03-30,1,0,FALSE,4317400,Santiago,2.02327,NA,city
2020-03-30,1,0,FALSE,4317608,Santo Antônio Da Patrulha,2.33133,NA,city
2020-03-30,3,0,FALSE,4318705,São Leopoldo,1.2667,NA,city
2020-03-30,1,0,FALSE,4319901,Sapiranga,1.22348,NA,city
2020-03-30,3,0,FALSE,4320404,Serafina Corrêa,17.1409,NA,city
2020-03-30,1,0,FALSE,4321204,Taquara,1.74016,NA,city
2020-03-30,1,0,FALSE,4321303,Taquari,3.72273,NA,city
2020-03-30,7,0,FALSE,4321501,Torres,18.07291,NA,city
2020-03-30,1,0,FALSE,4323002,Viamão,0.39181,NA,city
2020-03-30,254,4,FALSE,NA,NA,2.23253,0.0157,state
2020-03-29,2,0,FALSE,4300604,Alvorada,0.951,NA,city
2020-03-29,2,0,FALSE,4300703,Anta Gorda,33.43922,NA,city
2020-03-29,9,0,FALSE,4301602,Bagé,7.42924,NA,city
2020-03-29,2,0,FALSE,4302105,Bento Gonçalves,1.66038,NA,city
2020-03-29,1,0,FALSE,4303004,Cachoeira Do Sul,1.21653,NA,city
2020-03-29,0,0,FALSE,4303509,Camaquã,NA,NA,city
2020-03-29,2,0,FALSE,4303905,Campo Bom,2.99796,NA,city
2020-03-29,1,0,FALSE,4304507,Canguçu,1.78428,NA,city
2020-03-29,7,0,FALSE,4304606,Canoas,2.01953,NA,city
2020-03-29,2,0,FALSE,4304630,Capão Da Canoa,3.7701,NA,city
2020-03-29,1,0,FALSE,4304804,Carlos Barbosa,3.35199,NA,city
2020-03-29,6,0,FALSE,4305108,Caxias Do Sul,1.17438,NA,city
2020-03-29,1,0,FALSE,4305173,Cerro Grande Do Sul,8.1706,NA,city
2020-03-29,1,0,FALSE,4305355,Charqueadas,2.45164,NA,city
2020-03-29,1,0,FALSE,4306205,Cruzeiro Do Sul,8.09848,NA,city
2020-03-29,1,0,FALSE,4306403,Dois Irmãos,3.06082,NA,city
2020-03-29,1,0,FALSE,4306601,Dom Pedrito,2.60004,NA,city
2020-03-29,1,0,FALSE,4306767,Eldorado Do Sul,2.42219,NA,city
2020-03-29,3,0,FALSE,4307005,Erechim,2.83388,NA,city
2020-03-29,2,0,FALSE,4307609,Estância Velha,3.99824,NA,city
2020-03-29,1,0,FALSE,4307807,Estrela,2.93118,NA,city
2020-03-29,1,0,FALSE,4307906,Farroupilha,1.38253,NA,city
2020-03-29,1,0,FALSE,4308607,Garibaldi,2.85144,NA,city
2020-03-29,1,0,FALSE,4309209,Gravataí,0.35522,NA,city
2020-03-29,3,0,FALSE,4310801,Ivoti,12.34924,NA,city
2020-03-29,5,0,FALSE,4311403,Lajeado,5.95139,NA,city
2020-03-29,1,0,FALSE,4311809,Marau,2.26444,NA,city
2020-03-29,1,0,FALSE,4313102,Nova Palma,15.35627,NA,city
2020-03-29,1,0,FALSE,4313409,Novo Hamburgo,0.40527,NA,city
2020-03-29,1,0,FALSE,4313508,Osório,2.1742,NA,city
2020-03-29,1,0,FALSE,4314001,Paraí,13.05995,NA,city
2020-03-29,1,0,FALSE,4314100,Passo Fundo,0.49194,NA,city
2020-03-29,2,0,FALSE,4314407,Pelotas,0.5841,NA,city
2020-03-29,1,0,FALSE,4314605,Piratini,4.83957,NA,city
2020-03-29,135,2,FALSE,4314902,Porto Alegre,9.09844,0.0148,city
2020-03-29,2,0,FALSE,4315602,Rio Grande,0.94784,NA,city
2020-03-29,1,0,FALSE,4316006,Rolante,4.68406,NA,city
2020-03-29,2,0,FALSE,4316907,Santa Maria,0.70891,NA,city
2020-03-29,4,0,FALSE,4317103,Sant'ana Do Livramento,5.19298,NA,city
2020-03-29,1,0,FALSE,4317202,Santa Rosa,1.36511,NA,city
2020-03-29,1,0,FALSE,4317400,Santiago,2.02327,NA,city
2020-03-29,1,0,FALSE,4317608,Santo Antônio Da Patrulha,2.33133,NA,city
2020-03-29,3,0,FALSE,4318705,São Leopoldo,1.2667,NA,city
2020-03-29,1,0,FALSE,4319901,Sapiranga,1.22348,NA,city
2020-03-29,3,0,FALSE,4320404,Serafina Corrêa,17.1409,NA,city
2020-03-29,1,0,FALSE,4321204,Taquara,1.74016,NA,city
2020-03-29,7,0,FALSE,4321501,Torres,18.07291,NA,city
2020-03-29,1,0,FALSE,4323002,Viamão,0.39181,NA,city
2020-03-29,230,2,FALSE,NA,NA,2.02158,0.0087,state
2020-03-28,2,0,FALSE,4300604,Alvorada,0.951,NA,city
2020-03-28,2,0,FALSE,4300703,Anta Gorda,33.43922,NA,city
2020-03-28,9,0,FALSE,4301602,Bagé,7.42924,NA,city
2020-03-28,2,0,FALSE,4302105,Bento Gonçalves,1.66038,NA,city
2020-03-28,1,0,FALSE,4303004,Cachoeira Do Sul,1.21653,NA,city
2020-03-28,0,0,FALSE,4303509,Camaquã,NA,NA,city
2020-03-28,2,0,FALSE,4303905,Campo Bom,2.99796,NA,city
2020-03-28,1,0,FALSE,4304507,Canguçu,1.78428,NA,city
2020-03-28,7,0,FALSE,4304606,Canoas,2.01953,NA,city
2020-03-28,2,0,FALSE,4304630,Capão Da Canoa,3.7701,NA,city
2020-03-28,1,0,FALSE,4304804,Carlos Barbosa,3.35199,NA,city
2020-03-28,6,0,FALSE,4305108,Caxias Do Sul,1.17438,NA,city
2020-03-28,1,0,FALSE,4305173,Cerro Grande Do Sul,8.1706,NA,city
2020-03-28,1,0,FALSE,4305355,Charqueadas,2.45164,NA,city
2020-03-28,1,0,FALSE,4306205,Cruzeiro Do Sul,8.09848,NA,city
2020-03-28,1,0,FALSE,4306403,Dois Irmãos,3.06082,NA,city
2020-03-28,1,0,FALSE,4306601,Dom Pedrito,2.60004,NA,city
2020-03-28,1,0,FALSE,4306767,Eldorado Do Sul,2.42219,NA,city
2020-03-28,3,0,FALSE,4307005,Erechim,2.83388,NA,city
2020-03-28,2,0,FALSE,4307609,Estância Velha,3.99824,NA,city
2020-03-28,1,0,FALSE,4307807,Estrela,2.93118,NA,city
2020-03-28,1,0,FALSE,4307906,Farroupilha,1.38253,NA,city
2020-03-28,1,0,FALSE,4308607,Garibaldi,2.85144,NA,city
2020-03-28,1,0,FALSE,4309209,Gravataí,0.35522,NA,city
2020-03-28,3,0,FALSE,4310801,Ivoti,12.34924,NA,city
2020-03-28,5,0,FALSE,4311403,Lajeado,5.95139,NA,city
2020-03-28,1,0,FALSE,4311809,Marau,2.26444,NA,city
2020-03-28,1,0,FALSE,4313102,Nova Palma,15.35627,NA,city
2020-03-28,1,0,FALSE,4313508,Osório,2.1742,NA,city
2020-03-28,1,0,FALSE,4314001,Paraí,13.05995,NA,city
2020-03-28,1,0,FALSE,4314100,Passo Fundo,0.49194,NA,city
2020-03-28,2,0,FALSE,4314407,Pelotas,0.5841,NA,city
2020-03-28,1,0,FALSE,4314605,Piratini,4.83957,NA,city
2020-03-28,107,2,FALSE,4314902,Porto Alegre,7.21136,0.0187,city
2020-03-28,2,0,FALSE,4315602,Rio Grande,0.94784,NA,city
2020-03-28,1,0,FALSE,4316006,Rolante,4.68406,NA,city
2020-03-28,2,0,FALSE,4316907,Santa Maria,0.70891,NA,city
2020-03-28,4,0,FALSE,4317103,Sant'ana Do Livramento,5.19298,NA,city
2020-03-28,1,0,FALSE,4317202,Santa Rosa,1.36511,NA,city
2020-03-28,1,0,FALSE,4317400,Santiago,2.02327,NA,city
2020-03-28,1,0,FALSE,4317608,Santo Antônio Da Patrulha,2.33133,NA,city
2020-03-28,3,0,FALSE,4318705,São Leopoldo,1.2667,NA,city
2020-03-28,1,0,FALSE,4319901,Sapiranga,1.22348,NA,city
2020-03-28,3,0,FALSE,4320404,Serafina Corrêa,17.1409,NA,city
2020-03-28,1,0,FALSE,4321204,Taquara,1.74016,NA,city
2020-03-28,6,0,FALSE,4321501,Torres,15.49107,NA,city
2020-03-28,1,0,FALSE,4323002,Viamão,0.39181,NA,city
2020-03-28,200,2,FALSE,NA,NA,1.7579,0.01,state
2020-03-27,2,0,FALSE,4300604,Alvorada,0.951,NA,city
2020-03-27,2,0,FALSE,4300703,Anta Gorda,33.43922,NA,city
2020-03-27,9,0,FALSE,4301602,Bagé,7.42924,NA,city
2020-03-27,2,0,FALSE,4302105,Bento Gonçalves,1.66038,NA,city
2020-03-27,1,0,FALSE,4303004,Cachoeira Do Sul,1.21653,NA,city
2020-03-27,0,0,FALSE,4303509,Camaquã,NA,NA,city
2020-03-27,2,0,FALSE,4303905,Campo Bom,2.99796,NA,city
2020-03-27,7,0,FALSE,4304606,Canoas,2.01953,NA,city
2020-03-27,2,0,FALSE,4304630,Capão Da Canoa,3.7701,NA,city
2020-03-27,1,0,FALSE,4304804,Carlos Barbosa,3.35199,NA,city
2020-03-27,6,0,FALSE,4305108,Caxias Do Sul,1.17438,NA,city
2020-03-27,1,0,FALSE,4305173,Cerro Grande Do Sul,8.1706,NA,city
2020-03-27,1,0,FALSE,4305355,Charqueadas,2.45164,NA,city
2020-03-27,1,0,FALSE,4306205,Cruzeiro Do Sul,8.09848,NA,city
2020-03-27,1,0,FALSE,4306403,Dois Irmãos,3.06082,NA,city
2020-03-27,1,0,FALSE,4306601,Dom Pedrito,2.60004,NA,city
2020-03-27,1,0,FALSE,4306767,Eldorado Do Sul,2.42219,NA,city
2020-03-27,3,0,FALSE,4307005,Erechim,2.83388,NA,city
2020-03-27,2,0,FALSE,4307609,Estância Velha,3.99824,NA,city
2020-03-27,1,0,FALSE,4307807,Estrela,2.93118,NA,city
2020-03-27,1,0,FALSE,4307906,Farroupilha,1.38253,NA,city
2020-03-27,1,0,FALSE,4308607,Garibaldi,2.85144,NA,city
2020-03-27,1,0,FALSE,4309209,Gravataí,0.35522,NA,city
2020-03-27,2,0,FALSE,4310801,Ivoti,8.23282,NA,city
2020-03-27,5,0,FALSE,4311403,Lajeado,5.95139,NA,city
2020-03-27,1,0,FALSE,4311809,Marau,2.26444,NA,city
2020-03-27,1,0,FALSE,4313102,Nova Palma,15.35627,NA,city
2020-03-27,1,0,FALSE,4313508,Osório,2.1742,NA,city
2020-03-27,1,0,FALSE,4314001,Paraí,13.05995,NA,city
2020-03-27,1,0,FALSE,4314100,Passo Fundo,0.49194,NA,city
2020-03-27,2,0,FALSE,4314407,Pelotas,0.5841,NA,city
2020-03-27,1,0,FALSE,4314605,Piratini,4.83957,NA,city
2020-03-27,107,2,FALSE,4314902,Porto Alegre,7.21136,0.0187,city
2020-03-27,2,0,FALSE,4315602,Rio Grande,0.94784,NA,city
2020-03-27,1,0,FALSE,4316006,Rolante,4.68406,NA,city
2020-03-27,2,0,FALSE,4316907,Santa Maria,0.70891,NA,city
2020-03-27,4,0,FALSE,4317103,Sant'ana Do Livramento,5.19298,NA,city
2020-03-27,1,0,FALSE,4317202,Santa Rosa,1.36511,NA,city
2020-03-27,1,0,FALSE,4317400,Santiago,2.02327,NA,city
2020-03-27,1,0,FALSE,4317608,Santo Antônio Da Patrulha,2.33133,NA,city
2020-03-27,2,0,FALSE,4318705,São Leopoldo,0.84447,NA,city
2020-03-27,1,0,FALSE,4319901,Sapiranga,1.22348,NA,city
2020-03-27,3,0,FALSE,4320404,Serafina Corrêa,17.1409,NA,city
2020-03-27,1,0,FALSE,4321204,Taquara,1.74016,NA,city
2020-03-27,6,0,FALSE,4321501,Torres,15.49107,NA,city
2020-03-27,1,0,FALSE,4323002,Viamão,0.39181,NA,city
2020-03-27,197,2,FALSE,NA,NA,1.73153,0.0102,state
2020-03-26,2,0,FALSE,4300604,Alvorada,0.951,NA,city
2020-03-26,2,0,FALSE,4300703,Anta Gorda,33.43922,NA,city
2020-03-26,9,0,FALSE,4301602,Bagé,7.42924,NA,city
2020-03-26,2,0,FALSE,4302105,Bento Gonçalves,1.66038,NA,city
2020-03-26,0,0,FALSE,4303509,Camaquã,NA,NA,city
2020-03-26,2,0,FALSE,4303905,Campo Bom,2.99796,NA,city
2020-03-26,7,0,FALSE,4304606,Canoas,2.01953,NA,city
2020-03-26,2,0,FALSE,4304630,Capão Da Canoa,3.7701,NA,city
2020-03-26,1,0,FALSE,4304804,Carlos Barbosa,3.35199,NA,city
2020-03-26,6,0,FALSE,4305108,Caxias Do Sul,1.17438,NA,city
2020-03-26,1,0,FALSE,4305173,Cerro Grande Do Sul,8.1706,NA,city
2020-03-26,1,0,FALSE,4305355,Charqueadas,2.45164,NA,city
2020-03-26,1,0,FALSE,4306205,Cruzeiro Do Sul,8.09848,NA,city
2020-03-26,1,0,FALSE,4306403,Dois Irmãos,3.06082,NA,city
2020-03-26,1,0,FALSE,4306601,Dom Pedrito,2.60004,NA,city
2020-03-26,1,0,FALSE,4306767,Eldorado Do Sul,2.42219,NA,city
2020-03-26,3,0,FALSE,4307005,Erechim,2.83388,NA,city
2020-03-26,2,0,FALSE,4307609,Estância Velha,3.99824,NA,city
2020-03-26,1,0,FALSE,4307807,Estrela,2.93118,NA,city
2020-03-26,1,0,FALSE,4307906,Farroupilha,1.38253,NA,city
2020-03-26,1,0,FALSE,4308607,Garibaldi,2.85144,NA,city
2020-03-26,1,0,FALSE,4309209,Gravataí,0.35522,NA,city
2020-03-26,2,0,FALSE,4310801,Ivoti,8.23282,NA,city
2020-03-26,5,0,FALSE,4311403,Lajeado,5.95139,NA,city
2020-03-26,1,0,FALSE,4311809,Marau,2.26444,NA,city
2020-03-26,1,0,FALSE,4313102,Nova Palma,15.35627,NA,city
2020-03-26,1,0,FALSE,4313508,Osório,2.1742,NA,city
2020-03-26,1,0,FALSE,4314001,Paraí,13.05995,NA,city
2020-03-26,1,0,FALSE,4314100,Passo Fundo,0.49194,NA,city
2020-03-26,2,0,FALSE,4314407,Pelotas,0.5841,NA,city
2020-03-26,1,0,FALSE,4314605,Piratini,4.83957,NA,city
2020-03-26,103,1,FALSE,4314902,Porto Alegre,6.94177,0.0097,city
2020-03-26,2,0,FALSE,4315602,Rio Grande,0.94784,NA,city
2020-03-26,1,0,FALSE,4316006,Rolante,4.68406,NA,city
2020-03-26,2,0,FALSE,4316907,Santa Maria,0.70891,NA,city
2020-03-26,4,0,FALSE,4317103,Sant'ana Do Livramento,5.19298,NA,city
2020-03-26,1,0,FALSE,4317400,Santiago,2.02327,NA,city
2020-03-26,1,0,FALSE,4317608,Santo Antônio Da Patrulha,2.33133,NA,city
2020-03-26,1,0,FALSE,4318705,São Leopoldo,0.42223,NA,city
2020-03-26,1,0,FALSE,4319901,Sapiranga,1.22348,NA,city
2020-03-26,3,0,FALSE,4320404,Serafina Corrêa,17.1409,NA,city
2020-03-26,1,0,FALSE,4321204,Taquara,1.74016,NA,city
2020-03-26,6,0,FALSE,4321501,Torres,15.49107,NA,city
2020-03-26,1,0,FALSE,4323002,Viamão,0.39181,NA,city
2020-03-26,190,1,FALSE,NA,NA,1.67,0.0053,state
2020-03-25,2,0,FALSE,4300604,Alvorada,0.951,NA,city
2020-03-25,2,0,FALSE,4300703,Anta Gorda,33.43922,NA,city
2020-03-25,7,0,FALSE,4301602,Bagé,5.7783,NA,city
2020-03-25,2,0,FALSE,4302105,Bento Gonçalves,1.66038,NA,city
2020-03-25,0,0,FALSE,4303509,Camaquã,NA,NA,city
2020-03-25,2,0,FALSE,4303905,Campo Bom,2.99796,NA,city
2020-03-25,6,0,FALSE,4304606,Canoas,1.73102,NA,city
2020-03-25,2,0,FALSE,4304630,Capão Da Canoa,3.7701,NA,city
2020-03-25,1,0,FALSE,4304804,Carlos Barbosa,3.35199,NA,city
2020-03-25,3,0,FALSE,4305108,Caxias Do Sul,0.58719,NA,city
2020-03-25,1,0,FALSE,4305173,Cerro Grande Do Sul,8.1706,NA,city
2020-03-25,1,0,FALSE,4305355,Charqueadas,2.45164,NA,city
2020-03-25,1,0,FALSE,4306205,Cruzeiro Do Sul,8.09848,NA,city
2020-03-25,1,0,FALSE,4306403,Dois Irmãos,3.06082,NA,city
2020-03-25,1,0,FALSE,4306601,Dom Pedrito,2.60004,NA,city
2020-03-25,1,0,FALSE,4306767,Eldorado Do Sul,2.42219,NA,city
2020-03-25,3,0,FALSE,4307005,Erechim,2.83388,NA,city
2020-03-25,1,0,FALSE,4307609,Estância Velha,1.99912,NA,city
2020-03-25,1,0,FALSE,4307807,Estrela,2.93118,NA,city
2020-03-25,1,0,FALSE,4307906,Farroupilha,1.38253,NA,city
2020-03-25,1,0,FALSE,4308607,Garibaldi,2.85144,NA,city
2020-03-25,1,0,FALSE,4309209,Gravataí,0.35522,NA,city
2020-03-25,2,0,FALSE,4310801,Ivoti,8.23282,NA,city
2020-03-25,5,0,FALSE,4311403,Lajeado,5.95139,NA,city
2020-03-25,1,0,FALSE,4313508,Osório,2.1742,NA,city
2020-03-25,1,0,FALSE,4314001,Paraí,13.05995,NA,city
2020-03-25,1,0,FALSE,4314407,Pelotas,0.29205,NA,city
2020-03-25,87,1,FALSE,4314902,Porto Alegre,5.86344,0.0115,city
2020-03-25,2,0,FALSE,4315602,Rio Grande,0.94784,NA,city
2020-03-25,2,0,FALSE,4316907,Santa Maria,0.70891,NA,city
2020-03-25,4,0,FALSE,4317103,Sant'ana Do Livramento,5.19298,NA,city
2020-03-25,1,0,FALSE,4317400,Santiago,2.02327,NA,city
2020-03-25,1,0,FALSE,4317608,Santo Antônio Da Patrulha,2.33133,NA,city
2020-03-25,1,0,FALSE,4318705,São Leopoldo,0.42223,NA,city
2020-03-25,2,0,FALSE,4319901,Sapiranga,2.44696,NA,city
2020-03-25,3,0,FALSE,4320404,Serafina Corrêa,17.1409,NA,city
2020-03-25,1,0,FALSE,4321204,Taquara,1.74016,NA,city
2020-03-25,6,0,FALSE,4321501,Torres,15.49107,NA,city
2020-03-25,1,0,FALSE,4323002,Viamão,0.39181,NA,city
2020-03-25,162,1,FALSE,NA,NA,1.4239,0.0062,state
2020-03-24,2,0,FALSE,4300604,Alvorada,0.951,NA,city
2020-03-24,1,0,FALSE,4300703,Anta Gorda,16.71961,NA,city
2020-03-24,7,0,FALSE,4301602,Bagé,5.7783,NA,city
2020-03-24,2,0,FALSE,4302105,Bento Gonçalves,1.66038,NA,city
2020-03-24,1,0,FALSE,4303509,Camaquã,1.50918,NA,city
2020-03-24,2,0,FALSE,4303905,Campo Bom,2.99796,NA,city
2020-03-24,6,0,FALSE,4304606,Canoas,1.73102,NA,city
2020-03-24,2,0,FALSE,4304630,Capão Da Canoa,3.7701,NA,city
2020-03-24,1,0,FALSE,4304804,Carlos Barbosa,3.35199,NA,city
2020-03-24,2,0,FALSE,4305108,Caxias Do Sul,0.39146,NA,city
2020-03-24,1,0,FALSE,4305355,Charqueadas,2.45164,NA,city
2020-03-24,1,0,FALSE,4306205,Cruzeiro Do Sul,8.09848,NA,city
2020-03-24,1,0,FALSE,4306403,Dois Irmãos,3.06082,NA,city
2020-03-24,1,0,FALSE,4306767,Eldorado Do Sul,2.42219,NA,city
2020-03-24,3,0,FALSE,4307005,Erechim,2.83388,NA,city
2020-03-24,1,0,FALSE,4307609,Estância Velha,1.99912,NA,city
2020-03-24,1,0,FALSE,4307807,Estrela,2.93118,NA,city
2020-03-24,1,0,FALSE,4307906,Farroupilha,1.38253,NA,city
2020-03-24,1,0,FALSE,4308607,Garibaldi,2.85144,NA,city
2020-03-24,2,0,FALSE,4310801,Ivoti,8.23282,NA,city
2020-03-24,5,0,FALSE,4311403,Lajeado,5.95139,NA,city
2020-03-24,1,0,FALSE,4313508,Osório,2.1742,NA,city
2020-03-24,1,0,FALSE,4314001,Paraí,13.05995,NA,city
2020-03-24,47,0,FALSE,4314902,Porto Alegre,3.1676,NA,city
2020-03-24,1,0,FALSE,4315602,Rio Grande,0.47392,NA,city
2020-03-24,2,0,FALSE,4316907,Santa Maria,0.70891,NA,city
2020-03-24,3,0,FALSE,4317103,Sant'ana Do Livramento,3.89474,NA,city
2020-03-24,1,0,FALSE,4317400,Santiago,2.02327,NA,city
2020-03-24,1,0,FALSE,4317608,Santo Antônio Da Patrulha,2.33133,NA,city
2020-03-24,1,0,FALSE,4318705,São Leopoldo,0.42223,NA,city
2020-03-24,1,0,FALSE,4319901,Sapiranga,1.22348,NA,city
2020-03-24,3,0,FALSE,4320404,Serafina Corrêa,17.1409,NA,city
2020-03-24,1,0,FALSE,4321204,Taquara,1.74016,NA,city
2020-03-24,4,0,FALSE,4321501,Torres,10.32738,NA,city
2020-03-24,1,0,FALSE,4323002,Viamão,0.39181,NA,city
2020-03-24,112,0,FALSE,NA,NA,0.98442,NA,state
2020-03-23,2,0,FALSE,4300604,Alvorada,0.951,NA,city
2020-03-23,7,0,FALSE,4301602,Bagé,5.7783,NA,city
2020-03-23,2,0,FALSE,4302105,Bento Gonçalves,1.66038,NA,city
2020-03-23,2,0,FALSE,4303905,Campo Bom,2.99796,NA,city
2020-03-23,5,0,FALSE,4304606,Canoas,1.44252,NA,city
2020-03-23,1,0,FALSE,4304630,Capão Da Canoa,1.88505,NA,city
2020-03-23,1,0,FALSE,4304804,Carlos Barbosa,3.35199,NA,city
2020-03-23,2,0,FALSE,4305108,Caxias Do Sul,0.39146,NA,city
2020-03-23,1,0,FALSE,4305355,Charqueadas,2.45164,NA,city
2020-03-23,1,0,FALSE,4306205,Cruzeiro Do Sul,8.09848,NA,city
2020-03-23,1,0,FALSE,4306403,Dois Irmãos,3.06082,NA,city
2020-03-23,1,0,FALSE,4306767,Eldorado Do Sul,2.42219,NA,city
2020-03-23,3,0,FALSE,4307005,Erechim,2.83388,NA,city
2020-03-23,1,0,FALSE,4307609,Estância Velha,1.99912,NA,city
2020-03-23,1,0,FALSE,4307807,Estrela,2.93118,NA,city
2020-03-23,1,0,FALSE,4307906,Farroupilha,1.38253,NA,city
2020-03-23,2,0,FALSE,4310801,Ivoti,8.23282,NA,city
2020-03-23,3,0,FALSE,4311403,Lajeado,3.57083,NA,city
2020-03-23,1,0,FALSE,4313508,Osório,2.1742,NA,city
2020-03-23,41,0,FALSE,4314902,Porto Alegre,2.76323,NA,city
2020-03-23,1,0,FALSE,4315602,Rio Grande,0.47392,NA,city
2020-03-23,2,0,FALSE,4316907,Santa Maria,0.70891,NA,city
2020-03-23,3,0,FALSE,4317103,Sant'ana Do Livramento,3.89474,NA,city
2020-03-23,1,0,FALSE,4317400,Santiago,2.02327,NA,city
2020-03-23,1,0,FALSE,4317608,Santo Antônio Da Patrulha,2.33133,NA,city
2020-03-23,1,0,FALSE,4318705,São Leopoldo,0.42223,NA,city
2020-03-23,1,0,FALSE,4319901,Sapiranga,1.22348,NA,city
2020-03-23,2,0,FALSE,4320404,Serafina Corrêa,11.42727,NA,city
2020-03-23,1,0,FALSE,4321204,Taquara,1.74016,NA,city
2020-03-23,3,0,FALSE,4321501,Torres,7.74553,NA,city
2020-03-23,1,0,FALSE,4323002,Viamão,0.39181,NA,city
2020-03-23,96,0,FALSE,NA,NA,0.84379,NA,state
2020-03-22,2,0,FALSE,4300604,Alvorada,0.951,NA,city
2020-03-22,3,0,FALSE,4301602,Bagé,2.47641,NA,city
2020-03-22,2,0,FALSE,4302105,Bento Gonçalves,1.66038,NA,city
2020-03-22,2,0,FALSE,4303905,Campo Bom,2.99796,NA,city
2020-03-22,3,0,FALSE,4304606,Canoas,0.86551,NA,city
2020-03-22,1,0,FALSE,4304804,Carlos Barbosa,3.35199,NA,city
2020-03-22,2,0,FALSE,4305108,Caxias Do Sul,0.39146,NA,city
2020-03-22,1,0,FALSE,4305355,Charqueadas,2.45164,NA,city
2020-03-22,1,0,FALSE,4306403,Dois Irmãos,3.06082,NA,city
2020-03-22,1,0,FALSE,4306767,Eldorado Do Sul,2.42219,NA,city
2020-03-22,3,0,FALSE,4307005,Erechim,2.83388,NA,city
2020-03-22,1,0,FALSE,4307609,Estância Velha,1.99912,NA,city
2020-03-22,1,0,FALSE,4307807,Estrela,2.93118,NA,city
2020-03-22,1,0,FALSE,4307906,Farroupilha,1.38253,NA,city
2020-03-22,2,0,FALSE,4310801,Ivoti,8.23282,NA,city
2020-03-22,2,0,FALSE,4311403,Lajeado,2.38056,NA,city
2020-03-22,38,0,FALSE,4314902,Porto Alegre,2.56104,NA,city
2020-03-22,1,0,FALSE,4316907,Santa Maria,0.35446,NA,city
2020-03-22,2,0,FALSE,4317103,Sant'ana Do Livramento,2.59649,NA,city
2020-03-22,1,0,FALSE,4317608,Santo Antônio Da Patrulha,2.33133,NA,city
2020-03-22,1,0,FALSE,4318705,São Leopoldo,0.42223,NA,city
2020-03-22,2,0,FALSE,4319901,Sapiranga,2.44696,NA,city
2020-03-22,1,0,FALSE,4320404,Serafina Corrêa,5.71363,NA,city
2020-03-22,2,0,FALSE,4321204,Taquara,3.48032,NA,city
2020-03-22,1,0,FALSE,4321501,Torres,2.58184,NA,city
2020-03-22,77,0,FALSE,NA,NA,0.67679,NA,state
2020-03-21,2,0,FALSE,4300604,Alvorada,0.951,NA,city
2020-03-21,3,0,FALSE,4301602,Bagé,2.47641,NA,city
2020-03-21,2,0,FALSE,4302105,Bento Gonçalves,1.66038,NA,city
2020-03-21,2,0,FALSE,4303905,Campo Bom,2.99796,NA,city
2020-03-21,2,0,FALSE,4304606,Canoas,0.57701,NA,city
2020-03-21,1,0,FALSE,4304804,Carlos Barbosa,3.35199,NA,city
2020-03-21,2,0,FALSE,4305108,Caxias Do Sul,0.39146,NA,city
2020-03-21,1,0,FALSE,4305355,Charqueadas,2.45164,NA,city
2020-03-21,1,0,FALSE,4306403,Dois Irmãos,3.06082,NA,city
2020-03-21,1,0,FALSE,4306767,Eldorado Do Sul,2.42219,NA,city
2020-03-21,3,0,FALSE,4307005,Erechim,2.83388,NA,city
2020-03-21,1,0,FALSE,4307807,Estrela,2.93118,NA,city
2020-03-21,1,0,FALSE,4307906,Farroupilha,1.38253,NA,city
2020-03-21,2,0,FALSE,4310801,Ivoti,8.23282,NA,city
2020-03-21,1,0,FALSE,4311403,Lajeado,1.19028,NA,city
2020-03-21,35,0,FALSE,4314902,Porto Alegre,2.35885,NA,city
2020-03-21,2,0,FALSE,4317103,Sant'ana Do Livramento,2.59649,NA,city
2020-03-21,1,0,FALSE,4318705,São Leopoldo,0.42223,NA,city
2020-03-21,2,0,FALSE,4319901,Sapiranga,2.44696,NA,city
2020-03-21,1,0,FALSE,4320404,Serafina Corrêa,5.71363,NA,city
2020-03-21,2,0,FALSE,4321204,Taquara,3.48032,NA,city
2020-03-21,1,0,FALSE,4321501,Torres,2.58184,NA,city
2020-03-21,69,0,FALSE,NA,NA,0.60647,NA,state
2020-03-20,1,0,FALSE,4300604,Alvorada,0.4755,NA,city
2020-03-20,2,0,FALSE,4301602,Bagé,1.65094,NA,city
2020-03-20,0,0,FALSE,4302105,Bento Gonçalves,NA,NA,city
2020-03-20,2,0,FALSE,4303905,Campo Bom,2.99796,NA,city
2020-03-20,2,0,FALSE,4305108,Caxias Do Sul,0.39146,NA,city
2020-03-20,3,0,FALSE,4307005,Erechim,2.83388,NA,city
2020-03-20,1,0,FALSE,4307906,Farroupilha,1.38253,NA,city
2020-03-20,2,0,FALSE,4310801,Ivoti,8.23282,NA,city
2020-03-20,25,0,FALSE,4314902,Porto Alegre,1.6849,NA,city
2020-03-20,2,0,FALSE,4317103,Sant'ana Do Livramento,2.59649,NA,city
2020-03-20,2,0,FALSE,4319901,Sapiranga,2.44696,NA,city
2020-03-20,1,0,FALSE,4321204,Taquara,1.74016,NA,city
2020-03-20,43,0,FALSE,NA,NA,0.37795,NA,state
2020-03-19,1,0,FALSE,4300604,Alvorada,0.4755,NA,city
2020-03-19,2,0,FALSE,4301602,Bagé,1.65094,NA,city
2020-03-19,2,0,FALSE,4303905,Campo Bom,2.99796,NA,city
2020-03-19,2,0,FALSE,4305108,Caxias Do Sul,0.39146,NA,city
2020-03-19,1,0,FALSE,4307005,Erechim,0.94463,NA,city
2020-03-19,1,0,FALSE,4307906,Farroupilha,1.38253,NA,city
2020-03-19,20,0,FALSE,4314902,Porto Alegre,1.34792,NA,city
2020-03-19,1,0,FALSE,4319901,Sapiranga,1.22348,NA,city
2020-03-19,1,0,FALSE,4321204,Taquara,1.74016,NA,city
2020-03-19,31,0,FALSE,NA,NA,0.27247,NA,state
2020-03-18,1,0,FALSE,4303905,Campo Bom,1.49898,NA,city
2020-03-18,2,0,FALSE,4305108,Caxias Do Sul,0.39146,NA,city
2020-03-18,15,0,FALSE,4314902,Porto Alegre,1.01094,NA,city
2020-03-18,1,0,FALSE,4319901,Sapiranga,1.22348,NA,city
2020-03-18,19,0,FALSE,NA,NA,0.167,NA,state
2020-03-16,1,0,FALSE,4303905,Campo Bom,1.49898,NA,city
2020-03-16,1,0,FALSE,4305108,Caxias Do Sul,0.19573,NA,city
2020-03-16,6,0,FALSE,4314902,Porto Alegre,0.40438,NA,city
2020-03-16,8,0,FALSE,NA,NA,0.07032,NA,state
2020-03-13,1,0,FALSE,4303905,Campo Bom,1.49898,NA,city
2020-03-13,1,0,FALSE,4305108,Caxias Do Sul,0.19573,NA,city
2020-03-13,2,0,FALSE,4314902,Porto Alegre,0.13479,NA,city
2020-03-13,4,0,FALSE,NA,NA,0.03516,NA,state
2020-03-12,1,0,FALSE,4303905,Campo Bom,1.49898,NA,city
2020-03-12,1,0,FALSE,4305108,Caxias Do Sul,0.19573,NA,city
2020-03-12,2,0,FALSE,4314902,Porto Alegre,0.13479,NA,city
2020-03-12,4,0,FALSE,NA,NA,0.03516,NA,state
2020-03-11,1,0,FALSE,4303905,Campo Bom,1.49898,NA,city
2020-03-11,1,0,FALSE,4314902,Porto Alegre,0.0674,NA,city
2020-03-11,2,0,FALSE,NA,NA,0.01758,NA,state
2020-03-10,1,0,FALSE,4303905,Campo Bom,1.49898,NA,city
2020-03-10,1,0,FALSE,NA,NA,0.00879,NA,state
