IBGE,UF,MUNICIPIO,CNES,NOME FANTASIA,RAZAO SOCIAL,CNPJ PROPRIO,CNPJ MANTENEDORA,TIPO GESTAO,LOGRADOURO,NUMERO,BAIRRO,CEP,LATITUDE,LONGITUDE
431515,RS,PROGRESSO,2252082,HOSPITAL SANTA ISABEL PROGRESSO,SOCIEDADE SULINA DIVINA PROVIDENCIA,87300000000000,87300000000000,M,RUA CORONEL FETT FILHO,50,CENTRO,95925000,-29.2426,-52.30958
431535,RS,QUINZE DE NOVEMBRO,2263831,ASSOCIACAO HOSPITALAR 15 DE NOVEMBRO,ASSOCIACAO HOSPITALAR 15 DE NOVEMBRO,90700000000000,NA,D,RUA EDMUNDO PRANTE,524,CENTRO,98230000,-28.74288,-53.09166
431550,RS,RESTINGA SECA,2244233,HOSPITAL DE CARIDADE SAO FRANCISCO,HOSPITAL DE CARIDADE SAO FRANCISCO,94800000000000,NA,M,RUA MOISES CANTARELLI,287,CENTRO,97200000,-29.813,-53.375
431575,RS,RIOZINHO,2227703,HOSPITAL NOSSA SENHORA DO ROSARIO DE RIOZINHO,ASSOCIACAO FILHAS DE SAO CAMILO,62000000000000,62000000000000,D,AV GUERINO PANDOLFO,460,CENTRO,95695000,-29.641,-50.453
431790,RS,SANTO CRISTO,2250829,HOSPITAL DE CARIDADE DE SANTO CRISTO,HOSPITAL DE CARIDADE DE SANTO CRISTO,96400000000000,NA,D,RUA AMANDAU,157,CENTRO,98960000,-27.82186,-54.66779
431380,RS,PALMITINHO,2228580,HOSPITAL SANTA TEREZINHA PALMITINHO,HOSPITAL SANTA TEREZINHA DE PALMITINHO,87700000000000,NA,D,RUA CARLOS GOMES,320,CENTRO,98430000,-27.355,-53.555
431420,RS,PEDRO OSORIO,2233339,SANTA CASA DE MISERICORDIA DE PEDRO OSORIO,SANTA CASA DE MISERICORDIA DE PEDRO OSORIO,92200000000000,NA,D,RUA ARZELINDO FERREIRA,33,CENTRO,96360000,-31.864,-52.823
431940,RS,SAO PEDRO DO SUL,2244314,HOSPITAL MUNICIPAL DE SAO PEDRO DO SUL,PREFEITURA MUNICIPAL DE SAO PEDRO DO SUL,NA,87500000000000,D,RUA DORVAL LAMPERT,980,CENTRO,97400000,-29.621,-54.179
431980,RS,SAO VICENTE DO SUL,2244136,HOSPITAL DE SAO VICENTE DO SUL,PREFEITURA MUNICIPAL DE SAO VICENTE DO SUL,NA,87600000000000,E,RUA ANTONIO GOMES,386,CENTRO,97420000,-29.69519,-54.67183
432060,RS,SEVERIANO DE ALMEIDA,2249499,HOSPITAL SAO ROQUE,ASSOCIACAO HOSPITALAR SAO ROQUE DE SEVERIANO DE ALMEIDA,89400000000000,NA,D,BRASIL,61,CENTRO,99810000,-27.43371,-52.11564
430064,RS,AMETISTA DO SUL,2228629,HOSPITAL SAO GABRIEL AMETISTA DO SUL,SOCIEDADE HOSPITALAR S GABRIEL AMETISTA DO SUL,1980000000000,NA,D,RUA JOAO DE LUCA,339,JOAO DE LUCA,98465000,-27.361,-53.182
430340,RS,CAICARA,2228548,HOSPITAL S ROQUE CAICARA,SOCIEDADE HOSPITALAR DE CAICARA,90900000000000,NA,D,RUA D PEDRO I,10,CENTRO,98440000,-27.27452,-53.4374
430380,RS,CAMPINAS DO SUL,2249529,HOSPITAL MUNICIPAL DE CAMPINAS DO SUL,MUNICIPIO DE CAMPINAS DO SUL,NA,87600000000000,D,R ATILIO GUSBERTI,771,CENTRO,99660000,-27.716,-52.628
430400,RS,CAMPO NOVO,2261154,HCN,ASSOCIACAO HOSPITALAR DE CARIDADE DE CAMPO NOVO,90200000000000,NA,D,RUA HERMOGINES PAHIS,105,CENTRO,98570000,-27.675,-53.803
430940,RS,GUAPORE,2793237,ASSOCIACAO HOSPITALAR MANOEL FRANCISCO GUERREIRO,ASSOCIACAO HOSPITALAR MANOEL FRANCISCO GUERREIRO,3180000000000,NA,M,RUA DR JOAO MANOEL PEREIRA,951,CENTRO,99200000,-28.84833,-51.88576
430710,RS,HERVAL,2233436,HOSPITAL NOSSA SENHORA DA GLORIA,LIGA DE ASSISTENCIA SOCIAL HOSPITAL NOSSA SENHORA DA GLORIA,89700000000000,NA,E,AVENIDA GETULIO VARGAS,427,CENTRO,96310000,-32.024,-53.396
430970,RS,HUMAITA,2265893,HOSPITAL ADESCO,ASSOCIACAO DE DESENVOLVIMENTO COMUNITARIO DE HUMAITA,92000000000000,NA,D,AVENIDA JOAO PESSOA,399,CENTRO,98670000,-27.563,-53.974
431085,RS,JABOTICABA,2235315,HOSPITAL SANTA RITA D JABOTICABA,ASSOCIACAO HOSPITALAR SANTA RITA,2550000000000,NA,D,RUA THEODORO SYBERICHS,548,CENTRO,98350000,-27.631,-53.277
431110,RS,JAGUARI,2244152,IRDESI DE JAGUARI,INST RIOGRANDENSE DE DES SOCIAL INTEG DE SALDANHO MARINHO,23900000000000,NA,E,RUA SETE DE SETEMBRO,910,CENTRO,97760000,-29.49324,-54.69307
431210,RS,MATA,2244187,HOSPITAL DE MATA,HOSPITAL DE CARIDADE DE MATA,90100000000000,NA,D,RUA GENERAL OSORIO,208,CENTRO,97410000,-29.56561,-54.46179
431690,RS,SANTA MARIA,5433509,HOSPITAL GERAL UNIMED,UNIMED SANTA MARIA RS COOPERATIVA DE ASSISTENCIA A SAUDE L,87500000000000,NA,M,VENANCIO AIRES,1078,CENTRO,97010000,-29.68729,-53.81551
430510,RS,CAXIAS DO SUL,3356868,HOSPITAL UNIMED CAXIAS DO SUL,UNIMED NORDESTE RS SOCIEDADE COOPERATIVA DE SMEDLTDA,87800000000000,NA,M,RUA CARLOS BIANCHINI,1744,MARECHAL FLORIANO,95013000,-29.168,-51.179
432240,RS,URUGUAIANA,2248190,SANTA CASA DE URUGUAIANA,SANTA CASA DE CARIDADE DE URUGUAIANA,98400000000000,NA,E,DOMINGOS DE ALMEIDA,3801,SAO MIGUEL,97502854,-29.77115,-57.08455
431830,RS,SAO GABRIEL,2248204,SANTA CASA DE SAO GABRIEL,IRMANDADE DE SANTA CASA DE CARIDADE,96600000000000,NA,D,RUA GENERAL MARQUES,72,CENTRO,97300030,-30.33408,-54.32098
431800,RS,SAO BORJA,2248298,HOSPITAL INFANTIL,FUNDACAO IVAN GOULART,96500000000000,NA,M,RUA PRESIDENTE VARGAS,1440,CENTRO,97670000,-28.661,-56.004
430700,RS,ERECHIM,2249472,HOSPITAL DE CARIDADE DE ERECHIM,HOSPITAL DE CARIDADE DE ERECHIM,89400000000000,NA,E,AV COMANDANTE KRAEMER,405,CENTRO,99700372,-27.63302,-52.26682
431710,RS,SANTANA DO LIVRAMENTO,3913392,CENTRO HOSPITALAR SANTANENSE LTDA,CENTRO HOSPITALAR SANTANENSE LTDA,968000000000,NA,M,AV ALMIRANTE TAMANDARE,2880,CENTRO,97574022,-30.891,-55.533
430790,RS,FARROUPILHA,2240335,HOSPITAL SAO CARLOS,HOSPITAL BENEFICENTE SAO CARLOS,89800000000000,NA,M,RUA DA REPUBLICA,51,CENTRO,95170476,-29.22722,-51.34917
430210,RS,BENTO GONCALVES,2241021,HOSPITAL TACCHINI,ASSOCIACAO DR BARTHOLOMEU TACCHINI,87500000000000,NA,M,DOUTOR JOSE MARIO MONACO,358,CENTRO,95700068,-29.16771,-51.51421
430480,RS,CARLOS BARBOSA,2241137,HOSPITAL SAO ROQUE,ASSOCIACAO DR BARTHOLOMEU TACCHINI,87500000000000,NA,M,PRESIDENTE KENNEDY,343,AURORA,95185000,-29.29566,-51.49822
430270,RS,BUTIA,2265958,HOSPITAL DE BUTIA,FUNDACAO MUNICIPAL DE SAUDE,NA,90300000000000,D,AV HONORIO HERMETO,310,CIDADE ALTA,96750000,-30.12573,-51.96219
430460,RS,CANOAS,3508528,HOSPITAL UNIVERSITARIO,GAMP GRUPO DE APOIO A MEDICINA PREVENTIVA E SAUDE PUBLICA,9550000000000,NA,M,AVENIDA FARROUPILHA,8001,SAO JOSE,92425900,-29.9283,-51.16766
432200,RS,TRIUNFO,2227673,HOSPITAL DE CARIDADE SANTA RITA,SOCIEDADE PARA FUND E MANUT DO HOSP DE CARIDADE SANTA RITA,98200000000000,NA,D,RUA OSVALDO ARANHA,128,CENTRO,95840000,-29.94482,-51.7178
431405,RS,PAROBE,2227762,HOSPITAL SAO FRANCISCO DE ASSIS,ASSOCIACAO BENEFICENTE DE PAROBE,88400000000000,NA,E,RUA THENO JOSE BERLITZ,50,CENTRO,95630000,-29.62493,-50.83816
431240,RS,MONTENEGRO,2227959,HOSPITAL UNIMED VALE DO CAI,UNIMED VALE DO CAI SOC COOP DE SERV DE SAUDE LTDA,87300000000000,NA,M,RUA JULIO RENNER,450,TIMBAUVA,95780000,-29.689,-51.461
430520,RS,CERRO LARGO,2259869,HOSPITAL DE CARIDADE SERRO AZUL,ASSOCIACAO HOSPITALAR DE CARIDADE SERRO AZUL,8640000000000,NA,D,RUA SETE DE SETEMBRO,743,CENTRO,97900000,-28.1471,-54.73716
431750,RS,SANTO ANGELO,2259907,HOSPITAL SANTO ANGELO,ASSOCIACAO HOSPITAL DE CARIDADE DE SANTO ANGELO,96200000000000,NA,D,ANTONIO MANOEL,701,CENTRO,98801690,-28.30598,-54.26351
430300,RS,CACHOEIRA DO SUL,2266474,HOSPITAL DE CARIDADE E BENEFICENCIA,HOSPITAL DE CARIDADE E BENEFICENCIA,87800000000000,NA,M,RUA SALDANHA MARINHO,48,CENTRO,96508000,-30.05234,-52.89047
431410,RS,PASSO FUNDO,2246929,HOSPITAL DE CLINICAS DE PASSO FUNDO,HOSPITAL DE CLINICAS DE PASSO FUNDO,92000000000000,NA,E,RUA TIRADENTES,295,CENTRO,99010260,-28.25632,-52.40199
431410,RS,PASSO FUNDO,2246996,HOSPITAL MUNICIPAL PASSO FUNDO,HOSPITAL BENEFICENTE DR CESAR SANTOS,92000000000000,NA,E,RUA ALCIDES MOURA,100,POPULAR,99010640,-28.25731,-52.39383
430460,RS,CANOAS,2232014,HOSPITAL NOSSA SENHORA DAS GRACAS,ASSOCIACAO BENEFICENTE DE CANOAS,88300000000000,NA,M,RUA SANTOS FERREIRA,1864,MARECHAL RONDON,92025222,-29.918,-51.184
431020,RS,IJUI,2261030,HOSPITAL BOM PASTOR IJUI,ASSOCIACAO HOSPITAL BOM PASTOR IJUI,92000000000000,NA,D,AV DAVID JOSE MARTINS,1376,HAMMASTRON,98700000,-28.39343,-53.90549
431020,RS,IJUI,2261057,HOSPITAL DE CARIDADE DE IJUI,ASSOCIACAO HOSPITAL DE CARIDADE IJUI,90700000000000,NA,E,AV DAVID JOSE MARTINS,152,CENTRO,98700000,-28.388,-53.915
431680,RS,SANTA CRUZ DO SUL,2255928,HOSPITAL MONTE ALVERNE,HOSPITAL BENEFICENTE MONTE ALVERNE,95400000000000,NA,M,RUA PEDRO EGGLER,600,MONTE ALVERNE,96859000,-29.56569,-52.3344
431680,RS,SANTA CRUZ DO SUL,2255936,HOSPITAL ANA NERY,HOSPITAL ANA NERY SANTA CRUZ DO SUL,95400000000000,NA,M,RUA PEREIRA DA CUNHA,209,ARROIO GRANDE,96835090,-29.7374,-52.42519
430510,RS,CAXIAS DO SUL,2223546,HOSPITAL POMPEIA,PIO SODALICIO DAS DAMAS DE CARIDADE DE CAXIAS DO SUL,88600000000000,NA,M,AV JULIO DE CASTILHOS,2163,CENTRO,95010005,-29.168,-51.179
430510,RS,CAXIAS DO SUL,2223570,HOSPITAL DO CIRCULO,CIRCULO OPERARIO CAXIENSE,88600000000000,NA,M,RUA ARCY DA ROCHA NOBREGA,421,JARDIM MARGARIDA,95040000,-29.168,-51.179
431340,RS,NOVO HAMBURGO,3213943,HOSPITAL UNIMED,UNIMED VALE DO SINOS COOPERATIVA DE ASSISTENCIA A SAUDE LT,88300000000000,NA,M,RUA WALDEMAR GEIB,161,CANUDOS,93540300,-29.678,-51.131
431440,RS,PELOTAS,2253690,CLINICANP,HOSPITAL CLINICANP LTDA,95000000000000,NA,M,RUA QUINZE DE NOVEMBRO,1100,CENTRO,96015000,-31.75489,-52.335
431680,RS,SANTA CRUZ DO SUL,2254964,HOSPITAL SANTA CRUZ,ASSOCIACAO PROENSINO EM SANTA CRUZ DO SUL,95400000000000,95400000000000,M,RUA FERNANDO ABOTT,174,CENTRO,96810072,-29.72022,-52.42688
432160,RS,TRAMANDAI,2793008,HOSPITAL TRAMANDAI,FUNDACAO DE SAUDE SAPUCAIA DO SUL,13200000000000,13200000000000,D,AV EMANCIPACAO,1255,CENTRO,95590000,-29.99201,-50.13983
430610,RS,CRUZ ALTA,2263823,HOSPITAL SANTA LUCIA LTDA,HOSPITAL SANTA LUCIA LTDA,89100000000000,NA,M,R CORONEL PILLAR,748,CENTRO,98025220,-28.639,-53.606
430610,RS,CRUZ ALTA,2263858,HOSPITAL DE CARIDADE SAO VICENTE DE PAULO,ASSOCIACAO DAS DAMAS DE CARIDADE,89100000000000,NA,D,RUA VENANCIO AIRES,163,CENTRO,98005096,-28.63613,-53.60655
430920,RS,GRAVATAI,2232049,HOSPITAL DOM JOAO BECKER,IRMANDADE DA SANTA CASA DE MISERICORDIA DE PORTO ALEGRE,92800000000000,NA,M,JOSE LOUREIRO DA SILVA,1561,CENTRO,94010001,-29.94153,-50.99423
431340,RS,NOVO HAMBURGO,2232057,HOSPITAL REGINA NOVO HAMBURGO,ASSOCIACAO CONGREGACAO DE SANTA CATARINA,91700000000000,91700000000000,M,AV DR MAURICIO CARDOSO,711,HAMBURGO VELHO,93510223,-29.678,-51.131
430310,RS,CACHOEIRINHA,2232103,HOSPITAL PADRE JEREMIAS,FUNDACAO UNIVERSITARIA DE CARDIOLOGIA,92900000000000,NA,D,LINDOLFO WAGNER,185,PARQUE DA MATRIZ,94910030,-29.94022,-51.0805
430620,RS,CRUZEIRO DO SUL,2252074,HOSPITAL SAO GABRIEL ARCANJO,SOCIEDADE HOSPITALAR SAO GABRIEL ARCANJO,91200000000000,NA,M,RUA GENERAL NETO,192,CENTRO,95930000,-29.51357,-51.9858
430100,RS,ARROIO DO MEIO,2252198,HOSPITAL SAO JOSE ARROIO DO MEIO,SOCIEDADE SULINA DIVINA PROVIDENCIA,87300000000000,87300000000000,M,JULIO DE CASTILHOS,314,CENTRO,95940000,-29.40209,-51.94672
430780,RS,ESTRELA,2252260,HOSPITAL ESTRELA,SOCIEDADE SULINA DIVINA PROVIDENCIA,87300000000000,NA,M,GERALDO PEREIRA,405,CENTRO,95880000,-29.502,-51.966
431440,RS,PELOTAS,2252295,SOCIEDADE PORTUGUESA DE BENEFICENCIA,SOCIEDADE PORTUGUESA DE BENEFICENCIA,92200000000000,NA,M,RUA ANDRADE NEVES,915,CENTRO,96020080,-31.77523,-52.3459
431440,RS,PELOTAS,2252694,HOSPITAL ESCOLA DA UNIVERSIDADE FEDERAL DE PELOTAS,UNIVERSIDADE FEDERAL DE PELOTAS,92200000000000,92200000000000,M,RUA PROFESSOR ARAUJO,538,CENTRO,96020360,-31.76473,-52.34688
431740,RS,SANTIAGO,2244357,HOSPITAL DE CARIDADE DE SANTIAGO,HOSPITAL DE CARIDADE DE SANTIAGO,96100000000000,NA,D,RUA SETE DE SETEMBRO,570,CENTRO,97700240,-29.20076,-54.86537
431410,RS,PASSO FUNDO,2245663,HOSPITAL SAO VICENTE DE PAULO,ASSOCIACAO HOSPITALAR BENEFICENTE SAO VICENTE DE PAULO,92000000000000,NA,M,RUA URUGUAI,2050,CENTRO,99010112,-28.25027,-52.39622
431340,RS,NOVO HAMBURGO,2232146,FUNDACAO DE SAUDE PUBLICA DE NOVO HAMBURGO FSNH,FUNDACAO DE SAUDE PUBLICA DE NOVO HAMBURGO FSNH,11100000000000,NA,M,AVN PEDRO ADAMS FILHO,6520,OPERARIO,93315544,-29.678,-51.131
431480,RS,PORTAO,2232170,HOSPITAL DE PORTAO,FUNDACAO HOSPITALAR EDUCACIONAL E SOCIAL DE PORTAO,88300000000000,NA,E,SAO LEOPOLDO,996,CENTRO,93180000,-29.702,-51.242
430760,RS,ESTANCIA VELHA,2707632,HOSPITAL MUNICIPAL GETULIO VARGAS,MUNICIPIO DE ESTANCIA VELHA,NA,88300000000000,D,R ADOLFO MATTES,236,CENTRO,93600300,-29.64901,-51.17487
431560,RS,RIO GRANDE,2707675,HOSPITAL UNIVERSITARIO DR MIGUEL RIET CORREA JR,EMPRESA BRASILEIRA DE SEVICOS HOSPITALARES EBSERH,15100000000000,NA,E,RUA VISCONDE DE PARANAGUA,102,CENTRO,96200190,-32.035,-52.099
430700,RS,ERECHIM,2707918,FUNDACAO HOSPITALAR SANTA TEREZINHA DE ERECHIM,FUNDACAO HOSPITALAR SANTA TEREZINHA DE ERECHIM,89400000000000,NA,D,RUA ITALIA,919,CENTRO,99700048,-27.63612,-52.28249
430463,RS,CAPAO DA CANOA,2707969,HOSPITAL BENEFICIENTE SANTA LUZIA,ASSOCIACAO EDUCADORA SAO CARLOS HOSP BENEF SANTA LUZIA,88600000000000,NA,E,RUA DOM LUIZ GUANELLA,2864,GIRASSOL,95555000,-29.76543,-50.02489
431440,RS,PELOTAS,2253046,UCPEL HOSPITAL UNIVERSITARIO SAO FRANCISCO DE PAULA,ASSOCIACAO PELOTENSE DE ASSISTENCIA E CULTURA,92200000000000,NA,M,RUA MARECHAL DEODORO,1123,CENTRO,96020220,-31.75756,-52.34074
431560,RS,RIO GRANDE,2232995,SANTA CASA DO RIO GRANDE,ASSOCIACAO DE CARIDADE SANTA CASA DE RIO GRANDE,94900000000000,NA,D,GENERAL OSORIO,625,CENTRO,96200400,-32.03483,-52.09002
431460,RS,PIRATINI,2233347,HOSPITAL DE CARIDADE NOSSA SENHORA DA CONCEICAO PIRATINI,HOSPITAL DE CARIDADE NOSSA SENHORA DA CONCEICAO,92600000000000,NA,D,AVENIDA SEIS DE JULHO,42,CENTRO,96490000,-31.44916,-53.10728
430440,RS,CANELA,2235609,HOSPITAL DE CANELA,HOSPITAL DE CARIDADE DE CANELA,88200000000000,NA,M,AVENIDA VISCONDE DE MAUA,143,CENTRO,95680000,-29.37506,-50.80911
431490,RS,PORTO ALEGRE,3006522,HOSPITAL MOINHOS DE VENTO,ASSOCIACAO HOSPITALAR MOINHOS DE VENTO,92700000000000,NA,M,RUA RAMIRO BARCELOS,910,MOINHOS DE VENTO,90035001,-30.02756,-51.20873
431490,RS,PORTO ALEGRE,3007847,HOSPITAL MAE DE DEUS,ASSOCIACAO EDUCADORA SAO CARLOS AESC,88600000000000,NA,M,RUA JOSE DE ALENCAR,286,MENINO DEUS,90880480,-30.05957,-51.22884
431720,RS,SANTA ROSA,3017060,HOSPITAL VIDA SAUDE,ASSOCIACAO HOSPITALAR CARIDADE SANTA ROSA,95800000000000,NA,M,SANTA ROSA,980,CENTRO,98780127,-27.87169,-54.47669
430160,RS,BAGE,2261987,SANTA CASA DE CARIDADE DE BAGE,SANTA CASA DE CARIDADE DE BAGE,87400000000000,NA,E,RUA GOMES CARNEIRO,1350,CENTRO,96400130,-31.331,-54.107
430160,RS,BAGE,2261995,HOSPITAL UNIVERSITARIO URCAMP,HOSPITAL UNIVERSITARIO URCAMP,89600000000000,NA,D,RUA FLORES DA CUNHA,169,CENTRO,96400350,-31.33321,-54.10594
431490,RS,PORTO ALEGRE,2237849,INSTITUTO DE CARDIOLOGIA,FUNDACAO UNIVERSITARIA DE CARDIOLOGIA INST DE CARDIOLOGIA,92900000000000,NA,M,AV PRINCESA ISABEL,395,AZENHA,90620001,-30.04909,-51.20903
430350,RS,CAMAQUA,2257548,HOSPITAL NOSSA SENHORA APARECIDA DE CAMAQUA,FUNDACAO ASSISTENCIAL E BENEFICENTE DE CAMAQUA,88400000000000,NA,D,CRISTOVAO GOMES DE ANDRADE,665,CENTRO,96180000,-30.84912,-51.81315
430860,RS,GARIBALDI,2257645,HOSPITAL SAO PEDRO,HOSPITAL BENEFICENTE SAO PEDRO,90100000000000,NA,M,RUA 31 DE OUTUBRO,7,CENTRO,95720000,-29.25471,-51.53355
431350,RS,OSORIO,2257815,HOSPITAL SAO VICENTE DE PAULO,ASSOCIACAO BENEFICENTE SAO VICENTE DE PAULO,91900000000000,NA,D,JOAO SARMENTO,391,CENTRO,95520000,-29.8864,-50.26534
431490,RS,PORTO ALEGRE,2237156,HBMPA,HOSPITAL DA BRIGADA MILITAR DE PORTO ALEGRE,NA,87900000000000,M,RUA DR CASTRO DE MENEZES,155,CRISTAL,91900590,-30.09793,-51.25114
431490,RS,PORTO ALEGRE,2237253,IRMANDADE DA SANTA CASA DE MISERICORDIA DE PORTO ALEGRE,IRMANDADE DA SANTA CASA DE MISERICORDIA DE PORTO ALEGRE,92800000000000,NA,M,R PROF ANNES DIAS,295,CENTRO,90020090,-30.0308,-51.22151
431490,RS,PORTO ALEGRE,2237261,HOSPITAL BENEFICENCIA PORTUGUESA,ASSOCIACAO BENEFICENTE SAO MIGUEL ABSM,10500000000000,NA,M,AVENIDA INDEPENDENCIA,270,CENTRO,90035070,-30.02881,-51.21872
431490,RS,PORTO ALEGRE,2237598,HOSPITAL DIVINA PROVIDENCIA,SOCIEDADE SULINA DIVINA PROVIDENCIAHOSPITAL DIVINA PROVIDEN,87300000000000,87300000000000,M,RUA DA GRUTA,145,CASCATA,91712160,-30.07949,-51.19285
431490,RS,PORTO ALEGRE,2237601,HOSPITAL DE CLINICAS,HOSPITAL DE CLINICAS DE PORTO ALEGRE,87000000000000,NA,M,RUA RAMIRO BARCELOS,2350,SANTANA,90035903,-30.04234,-51.20821
430470,RS,CARAZINHO,2262274,HOSPITAL COMUNITARIO DE CARAZINHO,HOSPITAL DE CARIDADE DE CARAZINHO,88500000000000,NA,M,GENERAL CAMARA,70,CENTRO,99500000,-28.284,-52.786
431490,RS,PORTO ALEGRE,7092571,HOSPITAL INDEPENDENCIA,SOCIEDADE SULINA DIVINA PROVIDENCIA,87300000000000,NA,M,AV ANTONIO CARVALHO,450,JARDIM CARVALHO,91430000,-30.05453,-51.15303
430280,RS,CACAPAVA DO SUL,2234416,HOSPITAL DE CARIDADE DR VICTOR LANG,ASSOCIACAO HOSPITAL DE CARIDADE DR VICTOR LANG,87700000000000,NA,E,AV CORONEL CORIOLANO CASTRO,920,CENTRO,96570000,-30.51637,-53.48492
431690,RS,SANTA MARIA,2244276,HOSPITAL DE CARIDADE ASTROGILDO DE AZEVEDO,HOSPITAL DE CARIDADE DR ASTROGILDO DE AZEVEDO,95600000000000,NA,E,PRESIDENTE VARGAS,2291,CENTRO,97015513,-29.69199,-53.80695
431490,RS,PORTO ALEGRE,2262568,HOSPITAL SAO LUCAS DA PUCRS,UNIAO BRASILEIRA DE EDUCACAO E ASSISTENCIA,88600000000000,88600000000000,M,IPIRANGA,6690,JARDIM BOTANICO,90610000,-30.05488,-51.17581
431710,RS,SANTANA DO LIVRAMENTO,5395194,PRONTOMED CTI CENTRO DE TRATAMENTO INTENSIVO LTDA,PRONTOMED CTI CENTRO DE TRATAMENTO INTENSIVO LTDA,3560000000000,NA,M,AV ALMIRANTE TAMANDARE,2880,CENTRO,97573523,-30.891,-55.533
431710,RS,SANTANA DO LIVRAMENTO,2248220,SANTA CASA DE MISERICORDIA,SANTA CASA DE MISERICORDIA,96000000000000,NA,M,RUA MANDUCA RODRIGUES,295,CENTRO,97573560,-30.891,-55.533
431490,RS,PORTO ALEGRE,2265052,HOSPITAL FEMINA,HOSPITAL NOSSA SENHORA DA CONCEICAO S A,92800000000000,NA,M,RUA MOSTARDEIRO,17,RIO BRANCO,90430001,-30.02916,-51.20686
431020,RS,IJUI,3506959,HOSPITAL UNIMED,UNIMED NOROESTE RS SOCIEDADE COOP DE ASSIS A SAUDE LTDA,87600000000000,NA,E,RUA PEDRO HAMMARSTRON,287,HAMMRSTRON,98700000,-28.39736,-53.90154
430460,RS,CANOAS,3626245,HOSPITAL PRONTO SOCORRO DE CANOAS DEP NELSON MARCHEZAN,HOSPITAL PRONTO SOCORRO DE CANOAS DEP NELSON MARCHEZAN,NA,88600000000000,M,RUA CACAPAVA,100,MATHIAS VELHO,92330290,-29.918,-51.184
431870,RS,SAO LEOPOLDO,2232022,HOSPITAL CENTENARIO,FUNDACAO HOSPITAL CENTENARIO,92900000000000,NA,M,AV THEODOMIRO PORTO DA FONSECA,799,FIAO,93020645,-29.77629,-51.14856
432150,RS,TORRES,2707950,HOSPITAL BENEFICENTE NOSSA SENHORA DOS NAVEGANTES,ASSOCIACAO EDUCADORA SAO CARLOS AESC,88600000000000,NA,D,MANOEL JOSE DE MATOS PEREIRA,260,CENTRO,95560000,-29.33615,-49.72805
432120,RS,TAQUARA,2227932,HOSPITAL BOM JESUS,ASSOCIACAO BENEFICENTE SILVIO SCOPEL,87500000000000,NA,E,R EMILIO LUCIO ESTEVES,1042,SAGRADA FAMILIA,95611018,-29.651,-50.781
431520,RS,PUTINGA,2252171,HOSPITAL DOUTOR OSCAR BENEVOLO,ASSOCIACAO HOSPITALAR DOUTOR OSCAR BENEVOLO,89300000000000,NA,M,RUA JULIO DE CASTILHOS,452,CENTRO,95975000,-29.00248,-52.15757
431960,RS,SAO SEPE,2244322,HOSPITAL SANTO ANTONIO,ASSOCIACAO BENEFICENTE HOSPITAL SANTO ANTONIO,97200000000000,NA,D,RUA CEL CHANANECO,600,CENTRO,97340000,-30.16997,-53.5636
431750,RS,SANTO ANGELO,7151888,HOSPITAL REGIONAL UNIMED MISSOES,UNIMED MISSOES RS COOPERATIVA DE ASSISTENCIA A SAUDE LTDA,87700000000000,NA,M,AV RIO GRANDE DO SUL,1133,AVANCO,98801029,-28.31002,-54.25864
431490,RS,PORTO ALEGRE,5026253,HOSPITAL PORTO ALEGRE,ASSSOCIACAO DOS FUNCIONARIOS MUNICIPAIS DE PORTO ALEGRE,92800000000000,92800000000000,M,RUA ANTONIO FRANCISCO DS ROCHA,100,AZENHA,90050010,-30.04513,-51.21803
432000,RS,SAPUCAIA DO SUL,2232162,FUNDACAO HOSPITALAR DE SAPUCAIA DO SUL,MUNICIPIO DE SAPUCAIA DO SUL,NA,88200000000000,M,RUA PINHEIRO MACHADO,331,DIEHL,93210180,-29.82428,-51.16577
431570,RS,RIO PARDO,2792974,HOSPITAL REGIONAL DO VALE DO RIO PARDO,ABRASSI ASSOCIACAO BRASILEIRA DE ASSISTENCIA SOCIAL SAUDE,NA,88800000000000,M,PRACA CORONEL PEREIRA REGO,30,AUXILIADORA,96640000,-29.98683,-52.3816
431010,RS,IGREJINHA,2227665,HOSPITAL BOM PASTOR,ASSOCIACAO BENEFICENTE DE IGREJINHA,87400000000000,NA,D,RUA DR EDMUNDO LAUFFER,351,BOM PASTOR,95650000,-29.57221,-50.80086
430850,RS,FREDERICO WESTPHALEN,2228602,HOSPITAL DIVINA PROVIDENCIA FREDWEST,SOC BENEF DO HOSPITAL DE CARIDADE,92400000000000,NA,D,RUA SETE DE SETEMBRO,90,CENTRO,98400000,-27.35471,-53.4006
431080,RS,IVOTI,2232189,HOSPITAL SAO JOSE IVOTI,ASSOCIACAO CONGREGACAO DE SANTA CATARINA,91700000000000,91700000000000,E,PRESIDENTE LUCENA,3598,CENTRO,93900000,-29.591,-51.161
431850,RS,SAO JOSE DO NORTE,2233355,HOSPITAL MUNICIPAL SAO JOSE DO NORTE,MUNICIPIO DE SAO JOSE DO NORTE,NA,88600000000000,M,R DR EDGARDO PEREIRA VELHO,286,JOAO DE MAGALHAES,96225000,-32.00976,-52.04097
431370,RS,PALMEIRA DAS MISSOES,2235323,HOSPITAL DE CARIDADE PALMEIRA DAS MISSOES,ASSOCIACAO DO HOSPITAL DE CARIDADE DE PALMEIRA DAS MISSOES,91900000000000,NA,D,RUA MARECHAL DEODORO,251,CENTRO,98300000,-27.89938,-53.31764
430420,RS,CANDELARIA,2236362,HOSPITAL CANDELARIA,SOCIEDADE BENEFICENTE HOSPITAL CANDELARIA,88200000000000,NA,M,AV MARECHAL DEODORO,1279,CENTRO,96930000,-29.66627,-52.79228
432080,RS,SOLEDADE,2246961,HOSPITAL FREI CLEMENTE SOLEDADE,HOSPITAL DE CARIDADE FREI CLEMENTE,97500000000000,NA,E,AV PINHEIRO MACHADO,828,CENTRO,99300000,-28.83155,-52.51535
431250,RS,MOSTARDAS,2224615,HOSPITAL SAO LUIZ,SOCIEDADE BENEFICIENTE SAO LUIZ DE MOSTARDAS,90600000000000,NA,D,ALMIRANTE TAMANDARE,864,CENTRO,96270000,-31.107,-50.921
432190,RS,TRES PASSOS,2228726,HOSPITAL CARIDADE TRES PASSOS,ASSOCIACAO HOSPITAL DE CARIDADE DE TRES PASSOS,98100000000000,NA,D,RUA MARIO TOTTA,157,CENTRO,98600000,-27.456,-53.932
431880,RS,SAO LOURENCO DO SUL,2233312,SANTA CASA DE MISERIC S LOURENCO DO SUL,SANTA CASA DE MISERICORDIA DE SAO LOURENCO DO SUL,97000000000000,NA,D,RUA ALMIRANTE ABREU,437,CENTRO,96170000,-31.36436,-51.97865
430820,RS,FLORES DA CUNHA,2241145,HOSPITAL FATIMA,SOCIEDADE BENEFICENTE HOSPITALAR NOSSA SENHORA DE FATIMA,90000000000000,NA,M,RUA ERNESTO ALVES,1980,CENTRO,95270000,-29.029,-51.182
431900,RS,SAO MARCOS,2241226,HOSPITAL BENEFICENTE SAO JOAO BOSCO,HOSPITAL BENEFICENTE SAO JOAO BOSCO,88700000000000,NA,M,R OSVALDO ARANHA,978,CENTRO,95190000,-28.971,-51.068
431180,RS,MARAU,2246953,HOSPITAL CRISTO REDENTOR MARAU,ASSOCIACAO HOSPITALAR BENEFICENTE DE MARAU,88400000000000,NA,D,RUA BENTO GONCALVES,10,CENTRO,99150000,-28.44719,-52.19321
431060,RS,ITAQUI,2248271,HOSPITAL SAO PATRICIO DE ITAQUI,HOSPITAL SAO PATRICIO DE ITAQUI,90900000000000,NA,D,RUA SAO FRANCISCO,694,CIDADE ALTA,97650000,-28.30438,-56.60156
431390,RS,PANAMBI,2254956,HOSPITAL PANAMBI,SOCIEDADE HOSPITAL PANAMBI,92000000000000,NA,M,RUA BENJAMIN CONSTANT,490,MEDIANEIRA,98280000,-28.293,-53.502
430910,RS,GRAMADO,2241153,HOSPITAL ARCANJO SAO MIGUEL,ASSOCIACAO FRANCISCANA DE ASSISTENCIA A SAUDE,3070000000000,3070000000000,M,RUA MADRE VERONICA,396,CENTRO,95670000,-29.37697,-50.87047
431610,RS,RONDA ALTA,2235420,ASSOCIACAO HOSPITALAR DE RONDA ALTA,ASSOCIACAO HOSPITALAR DE RONDA ALTA,97300000000000,NA,E,TRAVESSA SAO JORGE,38,CENTRO,99670000,-27.78246,-52.80195
430003,RS,ACEGUA,2262010,HOSPITAL DA COLONIA NOVA,COMUNIDADE DA COLONIA NOVA,91600000000000,NA,D,POSTO CORREIO COLONIA NOVA,S/N,COLONIA NOVA,96445000,-31.868,-54.162
430010,RS,AGUDO,2234386,HOSPITAL AGUDO,HOSPITAL AGUDO,87100000000000,NA,D,AV EUCLIDES KLIEMANN,300,PROGRESSO,96540000,-29.64895,-53.24103
430540,RS,CHIAPETTA,2261103,HOSPITAL DE CHIAPETTA,SOCIEDADE HOSPITALAR BENEFICENTE CHIAPETTA,94400000000000,NA,D,RUA TOMAZIO DE CARVALHO,977,CENTRO,98760000,-27.92112,-53.94123
430570,RS,CONDOR,2261111,HOSPITAL DE CONDOR,SOCIEDADE HOSPITAL BENEFICENTE DE CONDOR,92000000000000,NA,D,GERMANO KELLER,66,CENTRO,98290000,-28.20558,-53.48369
430580,RS,CONSTANTINA,3378691,HOSPITAL DA COMUNIDADE AHCROS CONSTANTINA,ASSOCIACAO HOSPITALAR COMUNITARIA REGIONAL DE SAUDE,4930000000000,NA,D,RUA NEREU RAMOS,1005,CENTRO,99680000,-27.7315,-52.99655
430590,RS,CORONEL BICACO,2235382,ASSOC HOSP SANTO ANTONIO DE PADUA,ASSOC HOSP SANTO ANTONIO DE PADUA,88700000000000,NA,D,RUA FRANCISCO GOBBI,510,CENTRO,98580000,-27.71707,-53.70203
430630,RS,DAVID CANABARRO,2246937,HOSPITAL SAO JOSE DAVID CANABARRO,SOCIEDADE HOSPITALAR BENEFICENTE SAO JOSE,88400000000000,NA,D,RUA OCTAVIO BERNARDI,393,CENTRO,99980000,-28.388,-51.848
430020,RS,AJURICABA,2265885,HOSPITAL AJURICABA,ASSOCIACAO HOSPITALAR BENEFICENTE AJURICABA,90200000000000,NA,D,RUA FLORIANO PEIXOTO,50,PLANALTO,98750000,-28.24081,-53.77151
430050,RS,ALPESTRE,2228564,HOSPITAL NOSSA SENHORA,SOCIEDADE MEDICA ALPESTRE LDTA,88500000000000,NA,D,RUA ALVARO LEITAO,523,CENTRO,98480000,-27.249,-53.035
430080,RS,ANTONIO PRADO,2241072,HOSPITAL SAO JOSE,SOCIEDADE HOSPITALAR SAO JOSE,87300000000000,NA,M,RUA DR OSVALDO HAMPE,258,CENTRO,95250000,-28.85683,-51.28553
430090,RS,ARATIBA,2249502,ACHA ARATIBA,ASSOCIACAO COMUNITARIA HOSPITALAR DE ARATIBA,90900000000000,NA,E,SANTO GRANZOTTO,346,CENTRO,99770000,-27.39581,-52.30021
430370,RS,CAMPINA DAS MISSOES,2250802,HOSPITAL CAMPINA,ASSOC ASSIST CULT E HOSP PE BENEDITO MEISTER C MISSOES,96400000000000,NA,D,RUA SANTA MARIA,744,CENTRO,98975000,-27.98996,-54.83234
430430,RS,CANDIDO GODOI,2250675,HOSPITAL SANTO AFONSO,ASSOCIACAO HOSPITALAR SANTO AFONSO,96400000000000,NA,D,RUA JOAO MAGALHAES,146,CENTRO,98970000,-27.94784,-54.75289
431360,RS,PAIM FILHO,2247046,HOSPITAL SANTA TEREZINHA PAIM FILHO,HOSPITAL SANTA TEREZINHA,91300000000000,NA,E,RUA DR MILTON MICHELIN,39,CENTRO,99850000,-27.711,-51.761
430220,RS,BOA VISTA DO BURICA,2250705,HOSPITAL DE CARIDADE BOA VISTA,ASSOCIACAO HOSPITALAR BOA VISTA,98000000000000,NA,D,AV SAO JOSE,866,CENTRO,98918000,-27.669,-54.11
430930,RS,GUAIBA,6131913,HOSPITAL UNIMED,UNIMED PORTO ALEGRE COOPERATIVA MEDICA LTDA,87100000000000,NA,D,DR JOSE MONTAURY,259,CENTRO,92704650,-30.10624,-51.31527
431690,RS,SANTA MARIA,5922216,HOSPITAL CASA DE SAUDE,ASSOCIACAO FRANCISCANA DE ASSISTENCIA A SAUDE,3070000000000,NA,D,RUA ARY LAGRANHA DOMINGUES,188,PERPETUO SOCORRO,97045060,-29.67222,-53.80801
430950,RS,GUARANI DAS MISSOES,2259931,HOSPITAL SANTA TERESA GUARANI DAS MISSOES,ASSOCIACAO HOSPITALAR SANTA TERESA,90500000000000,NA,D,RUA COMANDAI,889,CENTRO,97950000,-28.14503,-54.56026
430960,RS,HORIZONTINA,2250772,HOSPITAL OSWALDO CRUZ,HOSPITAL OSWALDO CRUZ LTDA,89400000000000,NA,M,RUA OSWALDO CRUZ,154,CENTRO,98920000,-27.626,-54.308
431400,RS,PARAI,2241218,HOSPITAL BENEFICENTE NOSSA SENHORA APARECIDA,HOSPITAL BENEFICENTE NOSSA SENHORA APARECIDA,91600000000000,NA,M,HENRIQUE LENZI,15,CENTRO,95360000,-28.59439,-51.78423
431402,RS,PARAISO DO SUL,2234467,UNIDADE MISTA HOSPITAL PARAISO,HOSPITAL PARAISO SOCIEDADE ASSISTENCIAL E BENEFICENTE,87800000000000,NA,D,RUA THEODOR WURTH,208,VILA PARAISO,96530000,-29.6703,-53.14402
431690,RS,SANTA MARIA,2244365,HOSPITAL DA BASE AEREA,BASE AEREA DE SANTA MARIA,394000000000,NA,M,RS 509 FAIXA DE CAMOBI KM 12,S/N,CAMOBI,97110620,-29.69558,-53.82776
430490,RS,CASCA,2246872,HOSPITAL SANTA LUCIA CASCA,HOSPITAL BENEFICENTE SANTA LUCIA,88600000000000,NA,D,RUA VITORINO MONTEIRO,755,CENTRO,99260000,-28.56628,-51.97606
431430,RS,PEJUCARA,2261138,HOSPITAL PEJUCARA,ASSOCIACAO HOSPITALAR RIO BRANCO DE PEJUCARA,89100000000000,NA,D,LUIGI BASSO,1017,CENTRO,98270000,-28.42161,-53.65435
431730,RS,SANTA VITORIA DO PALMAR,2233398,IRMANDADE S CASA DE MISERICORDIA DE S V PALMAR,IRMANDADADE DA S CASA DE MISERICORDIA DE SV PALMAR,96000000000000,NA,D,DOUTOR ALIPIO SANTIAGO CORREA,55,CENTRO,96230000,-33.519,-53.368
431000,RS,IBIRUBA,5395674,HOSPITAL ANNES DIAS,ASSOCIACAO HOSPITALAR ANNES DIAS,7960000000000,NA,D,RUA DINIZ DIAS,309,CENTRO,98200000,-28.62369,-53.09028
431030,RS,ILOPOLIS,2252139,HOSPITAL BENEFICENTE LEONILDA BRUNET,CONGREGACAO DAS IRMAS SERVAS DA IMAC CONCEICAO DA VIRGEM MA,87300000000000,NA,M,RUA JOAO TOMASINI,495,CENTRO,95990000,-28.92966,-52.12716
430640,RS,DOIS IRMAOS,6844138,HOSPITAL SAO JOSE DE DOIS IRMAOS IBSAUDE,INSTITUTO BRASILEIRO DE SAUDE ENSINO PESQUISAE EXTENSAO PARA,7840000000000,NA,D,AV SAO MIGUEL,482,CENTRO,93950000,-29.58854,-51.08791
430645,RS,DOIS LAJEADOS,2241013,HOSPITAL DE CARIDADE SAO ROQUE,HOSPITAL DE CARIDADE SAO ROQUE,90400000000000,NA,D,RUA JOAO RIBEIRO,10,CENTRO,99220000,-28.98318,-51.8384
430690,RS,ENCRUZILHADA DO SUL,2234432,HOSPITAL SANTA BARBARA,CONG IRMAS SERVAS IMACULADA CONC VIRGEM MARIA,87300000000000,87300000000000,E,RUA CORONEL HONORIO CARVALHO,878,CENTRO,96610000,-30.54569,-52.52591
431050,RS,IRAI,2228653,HOSPITAL N S AUXILIADORA IRAI,SOCIEDADE HOSPITALAR N S AUXILIADORA,90800000000000,NA,D,RUA TORRES GONCALVES,687,CENTRO,98460000,-27.19393,-53.25686
431440,RS,PELOTAS,2253054,SANTA CASA DE MISERICORDIA DE PELOTAS,SANTA CASA DE MISERICORDIA DE PELOTAS,92200000000000,NA,M,PCA PIRATININO DE ALMEIDA,53,CENTRO,96015290,-31.76568,-52.34693
431447,RS,PINHAL GRANDE,2244209,CASA DE SAUDE SAO JOSE,CASA DE SAUDE SAO JOSE,88400000000000,NA,D,RUA CEZAR RUBIN,324,CENTRO,98150000,-29.33512,-53.342
431450,RS,PINHEIRO MACHADO,2233320,HOSPITAL PINHEIRO MACHADO,ASSOCIACAO DE ASSITENCIA SOCIAL HOSPITAL PINHEIRO MACHADO,92600000000000,NA,D,RUA DUTRA DE ANDRADES,1221,CENTRO,96470000,-31.57838,-53.37737
431915,RS,SAO MIGUEL DAS MISSOES,2259877,HOSPITAL SAO MIGUEL ARCANJO,ASSOCIACAO HOSPITALAR DE CARIDADE BENEFICENTE SAO MIGUEL,89900000000000,NA,D,RUA SANTO ANGELO,519,CENTRO,98865000,-28.55018,-54.55039
431075,RS,IVORA,2244179,HOSPITAL DE IVORA,SOCIEDADE HOSPITAL NOSSA SENHORA DA SAUDE,88100000000000,NA,D,RUA BENTO GONCALVES,539,CENTRO,98160000,-29.51994,-53.58047
431100,RS,JAGUARAO,2233401,SANTA CASA DE CARIDADE JAGUARAO,SANTA CASA DE CARIDADE DE JAGUARAO,88400000000000,NA,D,PRACA DR HERMES PINTO AFONSO,S/N,CENTRO,96300000,-32.56777,-53.37721
431470,RS,PLANALTO,2228556,HOSPITAL MEDIANEIRA PLANALTO,ASSOCIACAO BENEFICIENTE NOSSA SENHORA MEDIANEIRA,90800000000000,NA,D,VICENTE DUTRA,661,CENTRO,98470000,-27.329,-53.059
431490,RS,PORTO ALEGRE,6295320,AESC HOSPITAL SANTA ANA,ASSOCIACAO EDUCADORA SAO CARLOS AESC,88600000000000,NA,M,SIMOES LOPES NETO,175,TERESOPOLIS,91720440,-30.08097,-51.20624
431780,RS,SANTO AUGUSTO,2261065,HOSPITAL BOM PASTOR,ASSOCIACAO HOSPITALAR BOM PASTOR,90200000000000,NA,D,RUA INDEPENDENCIA,73,CENTRO,98590000,-27.851,-53.777
431270,RS,NONOAI,2228688,HOSPITAL COMUNITARIO NONOAI,SOCIEDADE HOSPITALAR COMUNITARIA E BENEFICIENTE NONOAI,90900000000000,NA,D,RUA PE MANOEL GOMES GONZALE S,395,OPERARIO,99600000,-27.362,-52.771
431930,RS,SAO PAULO DAS MISSOES,2250713,HOSPITAL DE CARIDADE SAO PAULO SAO PAULO DAS MISSOES,ASSOCIACAO FRANCISCANA DE ASSISTENCIA A SAUDE,3070000000000,3070000000000,D,INDEPENDENCIA,265,CENTRO,97980000,-28.02197,-54.93693
431120,RS,JULIO DE CASTILHOS,2244098,HOSPITAL BERNARDINA SALLES DE BARROS,HOSPITAL BERNARDINA SALLES DE BARROS,91000000000000,NA,D,RUA ANTONIO CARBONE,S/N,CENTRO,98130000,-29.22712,-53.67871
431490,RS,PORTO ALEGRE,2778718,HPS,HOSPITAL DE PRONTO SOCORRO,NA,93000000000000,M,LARGO THEODORO HERLTZ,S/N,BOM FIM,90040194,-30.0369,-51.20972
431810,RS,SAO FRANCISCO DE ASSIS,2244330,HOSPITAL SANTO ANTONIO,HOSPITAL SANTO ANTONIO,96500000000000,NA,D,RUA 13 DE JANEIRO,1424,CENTRO,97610000,-29.55097,-55.12821
432270,RS,VERA CRUZ,2236354,HOSPITAL VERA CRUZ,FUNDACAO DE SAUDE DR JACOB BLESZ,1740000000000,NA,D,RUA ROBERTO GRUENDLING,125,CENTRO,96880000,-29.715,-52.506
431150,RS,LAVRAS DO SUL,2262029,FUNDACAO MEDICO HOSPITALAR,FUNDACAO MEDICO HOSPITALAR DR HONOR TEIXEIRA DA COSTA,92900000000000,NA,D,AV 9 DE MAIO,141,HOSPITAL,97390000,-30.813,-53.895
431843,RS,SAO JOAO DO POLESINE,6364810,HOSPITAL DR ROBERTO BINATTO,HOSPITAL DR ROBERTO BINATTO,89900000000000,NA,D,RUA AUGUSTO ARNUTI,1536,CENTRO,97230000,-29.62017,-53.44598
431860,RS,SAO JOSE DO OURO,2246791,HOSPITAL SAO JOSE,FUNDACAO ARAUCARIA,96700000000000,96700000000000,E,AV MARECHAL FLORIANO,801,CENTRO,99870000,-27.76752,-51.59149
432280,RS,VERANOPOLIS,2707977,HOSPITAL COMUNITARIO SAO PEREGRINO LAZZIOZI,ASSOCIACAO VERANENSE DE ASSISTENCIA EM SAUDE,87900000000000,87900000000000,M,RUA SAUL IRINEU FARINA,160,SAO PEREGRINO,95330000,-28.936,-51.549
430750,RS,ESPUMOSO,2246813,HOSPITAL NOTRE DAME SAO SEBASTIAO,CONGREGACAO DE NOSSA SENHORA,92000000000000,92000000000000,E,RUA PADRE REUS,80,CENTRO,99400000,-28.72441,-52.84491
431190,RS,MARCELINO RAMOS,2249618,ASSOCIACAO HOSPITALAR MARCELINENSE,ASSOCIACAO HOSPITALAR MARCELINENSE,20100000000000,NA,D,RUA DOUTOR JOAO DA SILVEIRA,258,CENTRO,99800000,-27.46214,-51.90667
431205,RS,MARQUES DE SOUZA,2252007,HOSPITAL MARQUES DE SOUZA,ASSOCIACAO HOSPITALAR MARQUES DE SOUZA,91200000000000,NA,M,RUA 10 DE NOVEMBRO,806,CENTRO,95923000,-29.32399,-52.10216
431880,RS,SAO LOURENCO DO SUL,2233371,CENTRO DE SAUDE SAO JOAO DA RESERVA,ASSOCIACAO BENEFICIENTE SAO JOAO DA RESERVA,90900000000000,NA,D,SAO JOAO DA RESERVA,1,DISTRITO,96170000,-31.36285,-51.97885
431500,RS,PORTO LUCENA,2250810,HOSPITAL SAO JOSE PORTO LUCENA RS,SOCIEDADE HOSPITAL SAO JOSE,94700000000000,NA,D,AVN ALMIRANTE GUILHOBEL,87,CENTRO,98980000,-27.86539,-55.01054
430120,RS,ARROIO DO TIGRE,2234424,HOSPITAL SANTA ROSA DE LIMA,ASSOCIACAO BENEFICENTE SANTA ROSA DE LIMA,97400000000000,NA,D,RUA DOM GUILHERME MULLER,932,CENTRO,96950000,-29.33359,-53.08906
430130,RS,ARROIO GRANDE,2233428,SANTA CASA DE MISERICORDIA DE ARROIO GRANDE,SANTA CASA DE MISERICORDIA DE ARROIO GRANDE,87400000000000,NA,D,RUA DR MONTEIRO,1164,CENTRO,96330000,-32.238,-53.087
430140,RS,ARVOREZINHA,2252163,HOSPITAL BENEFICENTE SAO JOAO ARVOREZINHA,HOSPITAL SAO JOAO DE ARVOREZINHA,87400000000000,NA,E,DALTRO FILHO,321,CENTRO,95995000,-28.87194,-52.18034
430150,RS,AUGUSTO PESTANA,2261081,HOSPITAL SAO FRANCISCO,ASSOCIACAO PROTETORA HOSPITAL SAO FRANCISCO,90700000000000,NA,E,RUA DR OROZIMBO SAMPAIO,370,CENTRO,98740000,-28.51465,-53.99435
431220,RS,MAXIMILIANO DE ALMEIDA,2247038,HOSPITAL SAO JOSE MAXIMILIANO DE ALMEIDA,SOCIEDADE BENEFICENTE SAO JOSE,91300000000000,NA,E,RUA VITORIO SETTI,195,CENTRO,99890000,-27.632,-51.803
431510,RS,PORTO XAVIER,2259982,HOSPITAL DE PORTO XAVIER,ASSOCIACAO HOSPITAL DE CARIDADE NOSSA SENHORA DOS NAVEGANTES,87600000000000,NA,D,RUA OSVALDO CRUZ,555,CENTRO,98995000,-27.906,-55.138
431530,RS,QUARAI,2248247,FUNDACAO HOSPITALAR DE CARIDADE DE QUARAI,FUNDACAO HOSPITALAR DE CARIDADE DE QUARAI,94800000000000,NA,M,RUA ASCANIO TUBINO,780,CENTRO,97560000,-30.37891,-56.46071
430230,RS,BOM JESUS,6011926,HOSPITAL DE BOM JESUS,FUNDACAO AMIGOS DO HOSPITAL DE BOM JESUS,87600000000000,NA,M,AVENIDA MANOEL SILVEIRA DE AZEVEDO,2521,CENTRO,95290000,-28.66851,-50.43606
430235,RS,BOM PRINCIPIO,2241129,HOSPITAL SAO PEDRO CANISIO,ASSOCIACAO BENEFICENTE SAO PEDRO CANISIO,97200000000000,NA,M,RUA SAO PEDRO CANISIO,27,CENTRO,95765000,-29.489,-51.353
430800,RS,FAXINAL DO SOTURNO,2244101,HOSPITAL DE CARIDADE SAO ROQUE,HOSPITAL DE CARIDADE SAO ROQUE,89900000000000,NA,D,RUA DONA CECI LEITE COSTA,1266,CENTRO,97220000,-29.57403,-53.44374
431265,RS,NAO-ME-TOQUE,2246910,HOSPITAL ALTO JACUI NAO ME TOQUE,HOSPITAL BENEFICENCIA ALTO JACUI,91500000000000,NA,D,AV DR WALDOMIRO GRAEFF,810,CENTRO,99470000,-28.459,-52.821
431265,RS,NAO-ME-TOQUE,2246902,HOSPITAL NOTRE DAME JULIA BILLIART,CONGREGACAO DE NOSSA SENHORA,92000000000000,92000000000000,D,RUA CEL ALBERTO SCHMIDT,515,CENTRO,99470000,-28.459,-52.821
431290,RS,NOVA BASSANO,5230241,ACONSEL,ASSOCIACAO COMUNITARIA HOSPITAL NOSSA SENHORA DE LOURDES,7380000000000,NA,M,RUA PINHEIRO MACHADO,982,CENTRO,95340000,-28.73253,-51.7041
430240,RS,BOM RETIRO DO SUL,2252023,HOSPITAL DE CARIDADE SANTANA BOM RETIRO DO SUL,ASSOCIACAO CRUZEIRAS DE SAO FRANCISCO,92800000000000,92800000000000,D,RUA ANTONIO MORAES VIEGAS,133,CENTRO,95870000,-29.60329,-51.94078
430245,RS,BOQUEIRAO DO LEAO,2252058,HOSP DR ANUAR ELIAS AESSE BOQUEIRAO DO LEAO,ASSOCIACAO BENEF HOSP SAO RAFAEL ARCANJO,4060000000000,NA,M,TRAVESSA EUGENIO FRANCIOSI,940,CENTRO,95920000,-29.29974,-52.42416
430290,RS,CACEQUI,5699525,ASSO,ASSOCIACAO SANTO ONOFRE,7820000000000,NA,D,OSVALDO ARANHA,550,CENTRO,97450000,-29.87533,-54.82438
430810,RS,FELIZ,6014194,HOSPITAL MUNICIPAL SCHLATER,ASSOCIACAO DE SAUDE DE FELIZ,7760000000000,NA,M,SANTA CATARINA,900,CENTRO,95770000,-30.10893,-51.32408
431300,RS,NOVA BRESCIA,2252112,HOSPITAL SAO JOAO BATISTA NOVA BRESCIA,ASSOCIACAO HOSPITALAR SAO JOAO BATISTA,87300000000000,NA,M,AVENIDA BENTO GONCALVES,1184,CENTRO,95950000,-29.21463,-52.02558
431310,RS,NOVA PALMA,2244128,HOSPITAL NOSSA SENHORA DA PIEDADE,ASSOCIACAO HOSPITAL NOSSA SENHORA DA PIEDADE,91000000000000,NA,D,RUA SILVIO GROTTO,499,CENTRO,97250000,-29.47032,-53.47057
431580,RS,ROCA SALES,2252147,SOCIEDADE BENEFICENTE ROQUE GONZALES,SOCIEDADE BENEFICIENTE ROQUE GONZALES,95200000000000,NA,D,GENERAL OSORIO,70,CENTRO,95735000,-29.284,-51.868
431590,RS,RODEIO BONITO,2228734,HOSPITAL SAO JOSE RODEIO BONITO,ASSOCIACAO HOSPITALAR SAO JOSE,1880000000000,NA,D,RUA JULIO DE CASTILHOS,290,CENTRO,98360000,-27.471,-53.169
431600,RS,ROLANTE,2257564,FUNDACAO HOSPITALAR DE ROLANTE,FUNDACAO HOSPITALAR DE ROLANTE,89700000000000,NA,D,RUA CARLOS HUFF,150,CENTRO,95690000,-29.65868,-50.57317
431610,RS,RONDA ALTA,2235412,HOSPITAL DOS TRABALHADORES ATRA,ASSOCIACAO DOS TRABALHADORES DE RONDA ALTA,90200000000000,NA,D,RUA JULIO DE CASTILHOS,223,CENTRO,99670000,-27.7841,-52.8033
431620,RS,RONDINHA,2235447,HOSPITAL PADRE EUGENIO,SOCIEDADE HOSPITALAR BENEFICENTE PE EUGENIO MEDICHESCHI,88600000000000,NA,D,ESTRADA GERAL CACHOEIRA BRANCA KM 01,174,CENTRO,99590000,-27.82548,-52.91449
430840,RS,FORMIGUEIRO,2244217,HOSPITAL MUNICIPAL PEDRO CALIL,PREFEITURA MUNICIPAL DE FORMIGUEIRO,NA,97200000000000,D,RUA ADELINO CARDOSO,150,CENTRO,97210000,-30.00069,-53.49575
430845,RS,FORTALEZA DOS VALOS,2263866,HOSPITAL MUNICIPAL BOM PASTOR,HOSPITAL MUNICIPAL BOM PASTOR,NA,89700000000000,D,RUA FACCO,853,CENTRO,98125000,-28.797,-53.223
431330,RS,NOVA PRATA,2241161,HOSPITAL SAO JOAO BATISTA,HOSPITAL SAO JOAO BATISTA,91600000000000,NA,M,AV CONEGO PERES,765,CENTRO,95320000,-28.78424,-51.61214
431630,RS,ROQUE GONZALES,2259974,HOSPITAL SANTO ANTONIO ROQUE GONZALES,HOSPITAL DE CARIDADE SANTO ANTONIO,88900000000000,NA,D,RUA MONSENHOR WOLSKI,117,CENTRO,97970000,-28.1337,-55.02736
431643,RS,SALDANHA MARINHO,2263874,HOSPITAL MUNICIPAL SALDANHA MARINHO,HOSPITAL MUNICIPAL SALDANHA MARINHO,NA,92400000000000,D,RUA PRESTES GUIMARAES,591,CENTRO,98250000,-28.4092,-53.09123
431645,RS,SALTO DO JACUI,2263882,HOSPITAL MUNICIPAL DR ADERBAL SCHNEIDER,HOSPITAL MUNICIPAL DR ADERBAL SCHNEIDER,NA,89700000000000,D,RUA PASSO REAL,9,NOVA JACUI,99440000,-29.08718,-53.22454
430330,RS,CAIBATE,2259850,HOSPITAL ROQUE GONZALES CAIBATE,ASSOCIACAO HOSPITALAR ROQUE GONZALES,89000000000000,NA,D,AVN SANTA LUCIA,1479,CENTRO,97930000,-28.288,-54.638
430870,RS,GAURAMA,2249545,HOSPITAL SANTA ISABEL,ASSOCIACAO EDUCACIONAL E CARITATIVA,89400000000000,NA,D,RUA JOSE SPONCHIADO,690,CENTRO,99830000,-27.58617,-52.09952
430890,RS,GETULIO VARGAS,2249510,HOSPITAL SAO ROQUE DE GETULIO VARGAS,HOSPITAL SAO ROQUE DE GETULIO VARGAS,90200000000000,NA,E,RUA JACOB GREMMELAMIER,212,CENTRO,99900000,-27.88424,-52.22321
431650,RS,SALVADOR DO SUL,2227681,HOSPITAL SAO SALVADOR,ASSOCIACAO BENEFICENTE HOSPITALAR SAO SALVADOR,4710000000000,NA,D,RUA ELDA TREVISAN,15,CENTRO,95750000,-29.43834,-51.51188
431660,RS,SANANDUVA,2246767,HOSPITAL SAO JOAO SANANDUVA,HOSPITAL BENEFICENTE SAO JOAO,95300000000000,NA,E,AV SALZANO DA CUNHA,9,CENTRO,99840000,-27.951,-51.81463
431670,RS,SANTA BARBARA DO SUL,2263890,HOSPITAL SANTA BARBARA BENEFICENTE,HOSPITAL SANTA BARBARA BENEFICENTE,95400000000000,NA,E,RUA DON CONRADO,764,CENTRO,98240000,-28.36585,-53.2604
432100,RS,TAPERA,2246783,HOSPITAL ROQUE GONZALES TAPERA,SOCIEDADE HOSPITALAR ROQUE GONZALES,97700000000000,NA,E,RUA RUI BARBOSA,265,CENTRO,99490000,-28.62621,-52.87075
432140,RS,TENENTE PORTELA,5384117,HOSPITAL SANTO ANTONIO TENENTE PORTELA,ASSOCIACAO HOSPITALAR BENEFICIENTE SANTO ANTONIO,8580000000000,NA,D,RUA ROMARIO ROSA LOPES,42,CENTRO,98500000,-27.37185,-53.75833
432170,RS,TRES COROAS,2257467,HOSPITAL DR OSWALDO DIESEL,FUNDACAO HOSPITALAR DR OSWALDO DIESEL,90900000000000,NA,D,RUA 12 DE MAIO,555,CENTRO,95660000,-29.51782,-50.77833
432180,RS,TRES DE MAIO,2250837,HOSPITAL SAO VICENTE DE PAULO,ASSOCIACAO DE LITERATURA E BENEFICENCIA,93000000000000,93000000000000,E,RUA OSVALDO CRUZ,381,CENTRO,98910000,-27.77494,-54.23742
432195,RS,TRINDADE DO SUL,2235366,SOCIEDADE CULTURAL E BENEFICENTE SANTA ROSA DE LIMA,ASPIAZU FILHAS CIA LTDA,97400000000000,NA,D,RUA CABIUNA,82,CENTRO,99615000,-27.52168,-52.88734
432210,RS,TUCUNDUVA,5050170,HOSPITAL DR OSVALDO TEIXEIRA,ASSOCIACAO HOSPITALAR TUCUNDUVA E NOVO MACHADO,8140000000000,NA,D,RUA SAO LUIZ,96,CENTRO,98930000,-27.66248,-54.43693
432220,RS,TUPANCIRETA,2244225,HOSPITAL DE CARIDADE BRASILINA TERRA,ASSOCIACAO PROTETORA HOSPITAL DE CARIDADE BRAZILINA TERRA,98300000000000,NA,D,AVN RIO BRANCO,2,CENTRO,98170000,-29.07311,-53.84918
432230,RS,TUPARENDI,5729297,CAMS,CENTRO DE ASSISTENCIA MEDICO SOCIAL,98300000000000,NA,E,AV URUGUAI,2110,CENTRO,98940000,-27.75489,-54.48888
432253,RS,VALE DO SOL,2236338,HOSPITAL VALE DO SOL,HOSPITAL BENEFICENTE VALE DO SOL HBVS,95400000000000,NA,D,RUA LINDOLFO MACHADO,36,CENTRO,96878000,-29.60457,-52.68744
431900,RS,SAO MARCOS,3228630,HOSPITAL DR STICH,NILDO SANDER STICH,87900000000000,NA,M,RUA DR ROSA,174,CENTRO,95190000,-28.971,-51.068
431910,RS,SAO MARTINHO,2707608,HOSPITAL DE CARIDADE DE SAO MARTINHO,SOCIEDADE CULTURAL SAO GREGORIO,98100000000000,NA,D,AV GETULIO VARGAS,690,CENTRO,98690000,-27.70446,-53.97135
432290,RS,VIADUTOS,2249537,HOSPITAL N S DA POMPEIA VIADUTOS,SOCIEDADE HOSPITALAR N SENHORA DA POMPEIA,98700000000000,NA,D,R ANGELO ALEGRETI,108,CENTRO,99820000,-27.57128,-52.01955
432020,RS,SEBERI,2228610,HOSPITAL PIO XII SEBERI,FUNDACAO HOSPITALAR PIO XII,89300000000000,NA,D,TRAVESSA ROBERTO SCHIMIDT,73,CENTRO,98380000,-27.47876,-53.40531
432026,RS,SEGREDO,2234475,HOSPITAL SAO JOAO EVANGELISTA,ASSOCIACAO CULT RECREATIVA BENEFICENTE SAO MARCOS,97400000000000,NA,E,RUA DOS IMIGRANTES,713,CENTRO,96910000,-29.26992,-52.94011
432030,RS,SELBACH,2238810,HOSPITAL SAO JACOB,SOCIEDADE HOSPITALAR SAO JACOB,97700000000000,NA,E,RUA 15 DE NOVEMBRO,153,CENTRO,99450000,-28.629,-52.953
432040,RS,SERAFINA CORREA,2260050,HOSPITAL NOSSA SENHORA DO ROSARIO,HOSPITAL NOSSA SENHORA DO ROSARIO,90400000000000,NA,M,MONS JOAO B SCALABRINI,260,CENTRO,99250000,-28.7178,-51.93417
432045,RS,SERIO,2252066,HOSPITAL SAO JOSE SERIO,HOSPITAL DE CARIDADE SAO JOSE,91200000000000,NA,M,MAURICIO CARDOSO,940,CENTRO,95918000,-29.38517,-52.26719
432050,RS,SERTAO,2246805,HOSPITAL SAO JOSE SERTAO,HOSPITAL SAO JOSE,92000000000000,NA,D,AV GEN ERNESTO DORNELES,1041,CENTRO,99170000,-27.98691,-52.25728
432067,RS,SINIMBU,2236346,HOSPITAL SINIMBU,HOSPITAL BENFICENTE SINIMBU,95400000000000,NA,M,RUA BERNARDO FUERSTENAU,477,CENTRO,96890000,-29.5365,-52.51896
432070,RS,SOBRADINHO,6560830,FUNDACAO DR HOMERO LIMA MENEZES,FUNDACAO DR HOMERO LIMA MENEZES,5340000000000,NA,M,RUA DR HOMERO LIMA MENEZES,157,CENTRO,96900000,-29.41591,-53.02842
432090,RS,TAPEJARA,2246740,HOSPITAL SANTO ANTONIO,HOSPITAL SANTO ANTONIO,97600000000000,NA,D,RUA TRANQUILO BASSO,270,CENTRO,99950000,-28.06339,-52.0099
430040,RS,ALEGRETE,2248328,SANTA CASA DE ALEGRETE,IRMANDADE DA SANTA CASA DE CARIDADE ALEGRETE,87200000000000,NA,E,RUA GENERAL SAMPAIO,88,VILA NOVA,97541260,-29.77443,-55.7914
430700,RS,ERECHIM,2249669,HOSPITAL UNIMED ERECHIM,UNIMED ERECHIM COOPERATIVA DE SERVICOS DE SAUDE LTDA,87600000000000,NA,M,SETE DE SETEMBRO,2001,FATIMA,99709182,-27.45263,-52.56747
432300,RS,VIAMAO,5223962,INSTITUTO DE CARDIOLOGIA HOSPITAL VIAMAO,FUNDACAO UNIVERSITARIA DE CARDIOLOGIA,92900000000000,NA,D,ISABEL BASTOS,138,CENTRO,94410250,-30.07956,-51.02991
432250,RS,VACARIA,2241048,HOSPITAL NOSSA SENHORA DA OLIVEIRA,HOSPITAL NOSSA SENHORA DA OLIV EIRA,15400000000000,NA,M,RUA PINHEIRO MACHADO,448,CENTRO,95200000,-28.504,-50.93529
431490,RS,PORTO ALEGRE,2265060,HOSPITAL CRISTO REDENTOR,HOSPITAL NOSSA SENHORA DA CONCEICAO S A,92800000000000,NA,M,RUA DOMINGOS RUBBO,20,CRISTO REDENTOR,91040000,-30.00998,-51.15946
431890,RS,SAO LUIZ GONZAGA,2259893,HOSPITAL SAO LUIZ GONZAGA,SOCIEDADE HOSPITALAR SAO LUIZ GONZAGA,97100000000000,NA,D,RUA GENERAL PORTINHO,1425,CENTRO,97800000,-28.404419999999998,-54.96199
430900,RS,GIRUA,2260069,HOSPITAL SAO JOSE,ASSOCIACAO DE LITERATURA E BENEFICENCIA,93000000000000,93000000000000,M,AV PRESIDENTE VARGAS,867,CENTRO,98870000,-28.03077,-54.34591
431490,RS,PORTO ALEGRE,2693801,ASSOCIACAO HOSPITALAR VILA NOVA,ASSOCIACAO HOSPITALAR VILA NOVA,4990000000000,NA,M,RUA CATARINO ANDREATTA,155,VILA NOVA,91750040,-30.11945,-51.20776
431410,RS,PASSO FUNDO,2246988,HOSPITAL SAO VICENTE DE PAULO,ASSOCIACAO HOSPITALAR BENEFICENTE SAO VICENTE DE PAULO,92000000000000,NA,E,TEIXEIRA SOARES,808,CENTRO,99010080,-28.26025,-52.41364
431410,RS,PASSO FUNDO,3141330,HOSPITAL DE PRONTOCLINICAS LTDA,HOSPITAL DE PRONTOCLINICAS LTDA,90600000000000,NA,M,TRAVESSA DR ARTHUR LEITE,37,CENTRO,99020220,-28.25834,-52.40916
431820,RS,SAO FRANCISCO DE PAULA,2227770,HOSPITAL SAO FRANCISCO DE PAULA,HOSPITAL SAO FRANCISCO DE PAULA,96600000000000,NA,D,RUA FREDERICO TEDESCO,117,CENTRO,95400000,-29.448,-50.584
430510,RS,CAXIAS DO SUL,2223538,HOSPITAL GERAL,FUNDACAO UNIVERSIDADE DE CAXIAS DO SUL,88600000000000,NA,M,RUA PROFESSOR ANTONIO VIGNOLLI,255,PETROPOLIS,95070561,-29.168,-51.179
430510,RS,CAXIAS DO SUL,2223562,HOSPITAL VIRVI RAMOS,ASSOCIACAO CULTURAL E CIENTIFICA VIRVI RAMOS,88700000000000,NA,M,RUA ALEXANDRE FLEMING,454,MADUREIRA,95041520,-29.168,-51.179
430510,RS,CAXIAS DO SUL,2223597,HOSPITAL SAUDE,HOSPITAL SAUDE LTDA,88600000000000,NA,M,RUA VINTE DE SETEMBRO,2311,CENTRO,95020450,-29.168,-51.179
431720,RS,SANTA ROSA,2254611,HOSPITAL VIDA SAUDE,ASSOCIACAO HOSPITALAR CARIDADE SANTA ROSA,95800000000000,NA,M,DOUTOR FRANCISCO TIMM,656,CENTRO,98780803,-27.86704,-54.48533
431490,RS,PORTO ALEGRE,2237822,HOSPITAL MATERNO INFANTIL PRESIDENTE VARGAS,HOSPITAL MATERNO INFANTIL PRESIDENTE VARGAS,NA,93000000000000,M,INDEPENDENCIA,661,INDEPENDENCIA,90035076,-30.02952,-51.21487
431490,RS,PORTO ALEGRE,2237571,HOSPITAL NOSSA SENHORA DA CONCEICAO SA,HOSPITAL NOSSA SENHORA DA CONCEICAO SA,92800000000000,NA,M,AV FRANCISCO TREIN,596,CRISTO REDENTOR,91350200,-30.01602,-51.15865
430770,RS,ESTEIO,2232030,FUNDACAO DE SAUDE PUBLICA SAO CAMILO DE ESTEIO,FUNDACAO DE SAUDE PUBLICA SAO CAMILO DE ESTEIO,13000000000000,NA,M,AVENIDA CASTRO ALVES,948,TAMANDARE,93260460,-29.8391,-51.16142
430390,RS,CAMPO BOM,2232073,HOSPITAL DE CAMPO BOM DR LAURO REUS,ASSOCIACAO BENEFICENTE SAO MIGUEL ABSM,10500000000000,NA,M,RUA OSVALDO CRUZ,116,BELA VISTA,93700000,-29.68755,-51.05437
432145,RS,TEUTONIA,2252244,HOSPITAL OURO BRANCO,ASSOCIACAO BENEFICENTE OURO BRANCO,89800000000000,NA,M,RUA FERNANDO FERRARI,506,LANGUIRU,95890000,-29.47257,-51.81594
431140,RS,LAJEADO,2252287,HOSPITAL BRUNO BORN,SOCIEDADE BENEFICENCIA E CARIDADE DE LAJEADO,91200000000000,NA,M,AV BENJAMIN CONSTANT,881,CENTRO,95900010,-29.467,-51.961
431440,RS,PELOTAS,2252341,HOSPITAL MIGUEL PILTCHER,INSTITUTO TRAUMATOLOGIA ORTOPEDIA E REABILITACAO LTDA,92200000000000,NA,M,RUA ANDRADE NEVES,3006,CENTRO,96020080,-31.75785,-52.33789
431690,RS,SANTA MARIA,2244306,HUSM HOSPITAL UNIVERSITARIO DE SANTA MARIA,HOSPITAL UNIVERSITARIO DE SANTA MARIA EBSERH,95600000000000,NA,E,AVN RORAIMA PREDIO 22,1000,CAMOBI,97105900,-29.684,-53.807
431990,RS,SAPIRANGA,2232154,HOSPITAL SAPIRANGA,SOCIEDADE BENEFICENTE SAPIRANGUENSE,97300000000000,NA,D,GETULIO VARGAS,527,CENTRO,93800048,-29.6406,-51.0072
430450,RS,CANGUCU,2232928,HOSPITAL DE CARIDADE DE CANGUCU,HOSPITAL DE CARIDADE DE CANGUCU,88200000000000,NA,D,RUA JOSE ALBANO DE SOUZA,140,CENTRO,96600000,-31.39197,-52.67884
432260,RS,VENANCIO AIRES,2236370,HOSPITAL SAO SEBASTIAO MARTIR,HOSPITAL SAO SEBASTIAO MARTIR,98600000000000,NA,M,RUA TIRADENTES,834,CENTRO,95800000,-29.60762,-52.1908
430060,RS,ALVORADA,2232081,HOSPITAL ALVORADA,FUNDACAO UNIVERSITARIA DE CARDIOLOGIA,92900000000000,NA,D,RUA JACI ZAMIN,170,TRES FIGUEIRAS,94814300,-30.00848,-51.07438
432010,RS,SARANDI,2235404,HOSPITAL COMUNITARIO SARANDI,HOSPITAL COMUNITARIO SARANDI,89800000000000,NA,D,COSMO FAVRETTO,676,CENTRO,99560000,-27.93893,-52.92607
431950,RS,SAO SEBASTIAO DO CAI,2227908,HOSPITAL SAGRADA FAMILIA,ASSOCIACAO CONGREGACAO DE SANTA CATARINA,91700000000000,91700000000000,E,RUA MADRE REGINA PROTMANN,567,CENTRO,95760000,-29.58802,-51.37603
430660,RS,DOM PEDRITO,2262002,HOSPITAL SAO LUIZ,SANTA CASA DE CARIDADE DE DOM PEDRITO,89300000000000,NA,E,DUQUE DE CAXIAS,1348,CENTRO,96450000,-30.98147,-54.67021
431690,RS,SANTA MARIA,2244292,HOSPITAL SAO FRANCISCO DE ASSIS,ASSOCIACAO FRANCISCANA DE ASSISTENCIA A SAUDE,3070000000000,NA,M,RUA JOANA DARC,465,NOSSA SENHORA DE LOU,97060360,-29.69657,-53.79282
430530,RS,CHAPADA,2235307,HOSPITAL SAO JOSE CHAPADA,SOCIEDADE BENEFICENTE SAO JOSE,89000000000000,NA,D,DUQUE DE CAXIAS,368,CENTRO,99530000,-28.0595,-53.06589
430600,RS,CRISSIUMAL,2708000,HOSPITAL DE CARIDADE DE CRISSIUMAL,HOSPITAL DE CARIDADE DE CRISSIUMAL,89100000000000,NA,D,RUA REDENTORA,81,CENTRO,98640000,-27.49558,-54.09885
431365,RS,PALMARES DO SUL,2224607,HOSPITAL SAO JOSE,SOCIEDADE BENEFICENTE SAO JOSE,91900000000000,NA,D,RUA FIRMIANO OSORIO,60,CENTRO,95540000,-30.26456,-50.51188
430680,RS,ENCANTADO,2252228,HOSPITAL SANTA TERESINHA ENCANTADO,BENEFICENCIA CAMILIANA DO SUL,83500000000000,83500000000000,M,JULIO DE CASTILHOS,791,CENTRO,95960000,-29.29437,-51.81039
430650,RS,DOM FELICIANO,6953689,ASDOMF,ASSOCIACAO DE SAUDE DE DOM FELICIANO,14600000000000,NA,D,BORGES DE MEDEIROS,648,CENTRO,96190000,-30.70521,-52.10849
431760,RS,SANTO ANTONIO DA PATRULHA,6389104,HOSPITAL DE SANTO ANTONIO DA PATRULHA,IRMANDADE DA SANTA CASA DE MISERICORDIA DE PORTO ALEGRE,92800000000000,NA,E,MARECHAL FLORIANO PEIXOTO,732,CIDADE ALTA,95500000,-29.81546,-50.51566
430030,RS,ALECRIM,2707993,HOSPITAL DE CARIDADE DE ALECRIM,ASSOCIACAO HOSPITAL DE CARIDADE DE ALECRIM,90900000000000,NA,D,RUA OSVALDO CRUZ,215,CENTRO,98950000,-27.658080000000002,-54.76467
431130,RS,LAGOA VERMELHA,3819590,HOSPITAL SAO PAULO,FUNDACAO ARAUCARIA,96700000000000,96700000000000,E,AV NIVIO CASTELANO,1271,CENTRO,95300000,-28.209,-51.526
431840,RS,SAO JERONIMO,6424236,HCSJ HOSPITAL DE CARIDADE SAO JERONIMO,ASSOCIACAO DOS FUNCIONARIOS PUBLICOS DO ESTADO DO RGSUL,92700000000000,NA,E,RUA RIO BRANCO,1008,BELA VISTA,96700000,-29.95939,-51.71698
430755,RS,ESTACAO,2249626,HOSPITAL SANTO ANTONIO ESTACAO,HOSPITAL SANTO ANTONIO LIMITADA,90200000000000,NA,E,LIDO TAGLIARI,931,CENTRO,99930000,-27.91309,-52.25723
431260,RS,MUCUM,2707942,HOSPITAL BENEFICENTE NOSSA SENHORA APARECIDA,ASSOCIACAO BENEFICENTE DE MUCUM,1260000000000,NA,M,PINHEIRO MACHADO,342,CENTRO,95970000,-29.16512,-51.87191
431320,RS,NOVA PETROPOLIS,2241102,HOSPITAL NOVA PETROPOLIS,ORDEM AUXILIADORA SENHORAS ENVANGELICAS NOVA PETROPOLIS,91600000000000,NA,M,RUA PASTOR H HUNSCHE,823,CENTRO,95150000,-29.376,-51.114
430360,RS,CAMBARA DO SUL,5602742,FUNDACAO HOSPITALAR SAO JOSE,FUNDACAO HOSPITALAR SAO JOSE,NA,88800000000000,D,RUA PADRE JOAO PAZZA,315,CENTRO,95480000,-29.04914,-50.14703
432070,RS,SOBRADINHO,2234408,HOSPITAL DR HOMERO MENEZES,HOSPITAL DR HOMERO L MENEZES EIRELI,97400000000000,NA,M,RUA DR HOMERO LIMA MENEZES,157,CENTRO,96900000,-29.41591,-53.02842
430700,RS,ERECHIM,9142118,SANTA MONICA HOSPITAL,HOSPITAL SANTA MONICA LTDA,24000000000000,NA,M,RUA ITALIA,878,ESPIRITO SANTO,99711010,-27.63612,-52.28249
430070,RS,ANTA GORDA,9309470,HOSPITAL PADRE CATELLI,ASSOCIACAO HOSPITALAR PADRE HERMINIO CATELLI,28400000000000,NA,M,RUA ARMINHO MIOTO,1032,CENTRO,95980000,-28.9721,-52.00661
431240,RS,MONTENEGRO,2257556,HOSPITAL MONTENEGRO,ASSOCIACAO ORDEM AUXILIADORA DE SENHORAS EVANGELICAS DE MONT,91400000000000,NA,D,RUA ASSIS BRASIL,1621,CENTRO,95780000,-29.68708,-51.46397
431640,RS,ROSARIO DO SUL,2248239,HOSPITAL AUXILIADORA,HOSPITAL DE CARIDADE NOSSA SENHORA AUXILIADORA,95300000000000,NA,E,SETE DE SETEMBRO,2257,CENTRO,97590000,-30.25182,-54.91671
432130,RS,TAQUARI,9563873,HOSPITAL SAO JOSE,ASSOCIACAO TAQUARIENSE DE SAUDE,31900000000000,NA,M,MARECHAL DEODORO,1390,CENTRO,95860000,-29.80273,-51.86624
431490,RS,PORTO ALEGRE,9570047,HOSPITAL BDW,HOSPITAL BDW S A,26900000000000,NA,M,RUA GOMES JARDIM,221,SANTANA,90620130,-30.04608,-51.20742
431490,RS,PORTO ALEGRE,7513151,HOSPITAL RESTINGA E EXTREMO SUL,ASSOCIACAO HOSPITALAR VILA NOVA,4990000000000,NA,M,JOAO ANTONIO SILVEIRA,3700,LOMBA DO PINHEIRO,91796000,-30.14256,-51.12869
431490,RS,PORTO ALEGRE,3567664,HOSPITAL ERNESTO DORNELLES,ASSOCIACAO DOS FUNCIONARIOS PUBLICOS DO ESTADO DO RIO GRANDE,92700000000000,NA,M,IPIRANGA,1801,AZENHA,90160093,-30.05141,-51.21594
430510,RS,CAXIAS DO SUL,9728317,HOSPITAL UNIMED UNIDADE MATERNO INFANTIL,UNIMED NORDESTE RS SOCIEDADE COOP DE SERV MEDICOS LTDA,87800000000000,NA,M,CARLOS BIANCHINI,2020,MARECHAL FLORIANO,95013000,-29.105,-51.1044
430960,RS,HORIZONTINA,7607547,ASSOCIACAO BENEFICENTE OSWALDO CRUZ DE HORIZONTINA,ASSOCIACAO BENEFICENTE OSWALDO CRUZ DE HORIZONTINA,21200000000000,NA,D,RUA OSVALDO CRUZ,154,OSVALDO CRUZ,98920000,-27.626,-54.308
431690,RS,SANTA MARIA,9575936,HOSPITAL REGIONAL DE SANTA MARIA,SECRETARIA DA SAUDE,NA,88000000000000,E,RUA FLORIANOPOLIS,1041,PINHEIRO MACHADO,97030220,-29.70578,-53.86227
432070,RS,SOBRADINHO,9016554,HOSPITAL SAO JOAO EVANGELISTA,ASSOCIACAO CULTURAL RECREATIVA E BENEFICIENTE S MARCOS,97400000000000,NA,E,JOAO ANTONIO,747,CENTRO,96900000,-29.41303,-53.02641
431180,RS,MARAU,9131981,HOSPITAL SAO LUCAS,HOSPITAL SAO LUCAS LTDA,23200000000000,NA,M,BARAO DO RIO BRANCO,1751,CENTRO,99150000,-28.45841,-52.20064
430535,RS,CHARQUEADAS,9528792,HOSPITAL DE CHARQUEADAS,ASSOCIACAO HOSPITALAR VILA NOVA,4990000000000,NA,D,RS 401,1754,JARDIM NOSSA SENHORA,96745000,-29.96707,-51.63769
