IBGE;UF;MUNICIPIO;CNES;NOME FANTASIA;RAZAO SOCIAL;CNPJ PROPRIO;CNPJ MANTENEDORA;TIPO GESTAO;LOGRADOURO;NUMERO;BAIRRO;CEP;LATITUDE;LONGITUDE
431515;RS;PROGRESSO;2252082;HOSPITAL SANTA ISABEL PROGRESSO;SOCIEDADE SULINA DIVINA PROVIDENCIA;8,731776e+13;8,731776e+13;M;RUA CORONEL FETT FILHO;50;CENTRO;95925000;-2924260;-5230958
431535;RS;QUINZE DE NOVEMBRO;2263831;ASSOCIACAO HOSPITALAR 15 DE NOVEMBRO;ASSOCIACAO HOSPITALAR 15 DE NOVEMBRO;9,066020e+13;NA;D;RUA EDMUNDO PRANTE;524;CENTRO;98230000;-2874288;-5309166
431550;RS;RESTINGA SECA;2244233;HOSPITAL DE CARIDADE SAO FRANCISCO;HOSPITAL DE CARIDADE SAO FRANCISCO;9,479580e+13;NA;M;RUA MOISES CANTARELLI;287;CENTRO;97200000;-2981300;-5337500
431575;RS;RIOZINHO;2227703;HOSPITAL NOSSA SENHORA DO ROSARIO DE RIOZINHO;ASSOCIACAO FILHAS DE SAO CAMILO;6,198640e+13;6,198640e+13;D;AV GUERINO PANDOLFO;460;CENTRO;95695000;-2964100;-5045300
431790;RS;SANTO CRISTO;2250829;HOSPITAL DE CARIDADE DE SANTO CRISTO;HOSPITAL DE CARIDADE DE SANTO CRISTO;9,641803e+13;NA;D;RUA AMANDAU;157;CENTRO;98960000;-2782186;-5466779
431380;RS;PALMITINHO;2228580;HOSPITAL SANTA TEREZINHA PALMITINHO;HOSPITAL SANTA TEREZINHA DE PALMITINHO;8,766479e+13;NA;D;RUA CARLOS GOMES;320;CENTRO;98430000;-27355;-53555
431420;RS;PEDRO OSORIO;2233339;SANTA CASA DE MISERICORDIA DE PEDRO OSORIO;SANTA CASA DE MISERICORDIA DE PEDRO OSORIO;9,218362e+13;NA;D;RUA ARZELINDO FERREIRA;33;CENTRO;96360000;-3186400;-5282300
431940;RS;SAO PEDRO DO SUL;2244314;HOSPITAL MUNICIPAL DE SAO PEDRO DO SUL;PREFEITURA MUNICIPAL DE SAO PEDRO DO SUL;NA;8,748991e+13;D;RUA DORVAL LAMPERT;980;CENTRO;97400000;-2962100;-5417900
431980;RS;SAO VICENTE DO SUL;2244136;HOSPITAL DE SAO VICENTE DO SUL;PREFEITURA MUNICIPAL DE SAO VICENTE DO SUL;NA;8,757208e+13;E;RUA ANTONIO GOMES;386;CENTRO;97420000;-2969519;-5467183
432060;RS;SEVERIANO DE ALMEIDA;2249499;HOSPITAL SAO ROQUE;ASSOCIACAO HOSPITALAR SAO ROQUE DE SEVERIANO DE ALMEIDA;8,942878e+13;NA;D;BRASIL;61;CENTRO;99810000;-2743371;-5211564
430064;RS;AMETISTA DO SUL;2228629;HOSPITAL SAO GABRIEL AMETISTA DO SUL;SOCIEDADE HOSPITALAR S GABRIEL AMETISTA DO SUL;1,979048e+12;NA;D;RUA JOAO DE LUCA;339;JOAO DE LUCA;98465000;-2736100;-5318200
430340;RS;CAICARA;2228548;HOSPITAL S ROQUE CAICARA;SOCIEDADE HOSPITALAR DE CAICARA;9,089944e+13;NA;D;RUA D PEDRO I;10;CENTRO;98440000;-2727452;-5343740
430380;RS;CAMPINAS DO SUL;2249529;HOSPITAL MUNICIPAL DE CAMPINAS DO SUL;MUNICIPIO DE CAMPINAS DO SUL;NA;8,761344e+13;D;R ATILIO GUSBERTI;771;CENTRO;99660000;-27716;-52628
430400;RS;CAMPO NOVO;2261154;HCN;ASSOCIACAO HOSPITALAR DE CARIDADE DE CAMPO NOVO;9,016711e+13;NA;D;RUA HERMOGINES PAHIS;105;CENTRO;98570000;-2767500;-5380300
430940;RS;GUAPORE;2793237;ASSOCIACAO HOSPITALAR MANOEL FRANCISCO GUERREIRO;ASSOCIACAO HOSPITALAR MANOEL FRANCISCO GUERREIRO;3,184906e+12;NA;M;RUA DR JOAO MANOEL PEREIRA;951;CENTRO;99200000;-2884833;-5188576
430710;RS;HERVAL;2233436;HOSPITAL NOSSA SENHORA DA GLORIA;LIGA DE ASSISTENCIA SOCIAL HOSPITAL NOSSA SENHORA DA GLORIA;8,965925e+13;NA;E;AVENIDA GETULIO VARGAS;427;CENTRO;96310000;-3202400;-5339600
430970;RS;HUMAITA;2265893;HOSPITAL ADESCO;ASSOCIACAO DE DESENVOLVIMENTO COMUNITARIO DE HUMAITA;9,199607e+13;NA;D;AVENIDA JOAO PESSOA;399;CENTRO;98670000;-2756300;-5397400
431085;RS;JABOTICABA;2235315;HOSPITAL SANTA RITA D JABOTICABA;ASSOCIACAO HOSPITALAR SANTA RITA;2,545778e+12;NA;D;RUA THEODORO SYBERICHS;548;CENTRO;98350000;-27631;-53277
431110;RS;JAGUARI;2244152;IRDESI DE JAGUARI;INST RIOGRANDENSE DE DES SOCIAL INTEG DE SALDANHO MARINHO;2,393121e+13;NA;E;RUA SETE DE SETEMBRO;910;CENTRO;97760000;-29497;-54.69
431210;RS;MATA;2244187;HOSPITAL DE MATA;HOSPITAL DE CARIDADE DE MATA;9,014047e+13;NA;D;RUA GENERAL OSORIO;208;CENTRO;97410000;-2956561;-5446179
431690;RS;SANTA MARIA;5433509;HOSPITAL GERAL UNIMED;UNIMED SANTA MARIA RS COOPERATIVA DE ASSISTENCIA A SAUDE L;8,749737e+13;NA;M;VENANCIO AIRES;1078;CENTRO;97010000;-2968729;-5381551
430510;RS;CAXIAS DO SUL;3356868;HOSPITAL UNIMED CAXIAS DO SUL;UNIMED NORDESTE RS SOCIEDADE COOPERATIVA DE SMEDLTDA;8,782769e+13;NA;M;RUA CARLOS BIANCHINI;1744;MARECHAL FLORIANO;95013000;-29168;-51179
432240;RS;URUGUAIANA;2248190;SANTA CASA DE URUGUAIANA;SANTA CASA DE CARIDADE DE URUGUAIANA;9,841623e+13;NA;E;DOMINGOS DE ALMEIDA;3801;SAO MIGUEL;97502854;-2977115;-5708455
431830;RS;SAO GABRIEL;2248204;SANTA CASA DE SAO GABRIEL;IRMANDADE DE SANTA CASA DE CARIDADE;9,659332e+13;NA;D;RUA GENERAL MARQUES;72;CENTRO;97300030;-3033408;-5432098
431800;RS;SAO BORJA;2248298;HOSPITAL INFANTIL;FUNDACAO IVAN GOULART;9,648860e+13;NA;M;RUA PRESIDENTE VARGAS;1440;CENTRO;97670000;-28661;-56004
430700;RS;ERECHIM;2249472;HOSPITAL DE CARIDADE DE ERECHIM;HOSPITAL DE CARIDADE DE ERECHIM;8,942872e+13;NA;E;AV COMANDANTE KRAEMER;405;CENTRO;99700372;-2763302;-5226682
431710;RS;SANTANA DO LIVRAMENTO;3913392;CENTRO HOSPITALAR SANTANENSE LTDA;CENTRO HOSPITALAR SANTANENSE LTDA;9,680630e+11;NA;M;AV ALMIRANTE TAMANDARE;2880;CENTRO;97574022;-30891;-55533
430790;RS;FARROUPILHA;2240335;HOSPITAL SAO CARLOS;HOSPITAL BENEFICENTE SAO CARLOS;8,984737e+13;NA;M;RUA DA REPUBLICA;51;CENTRO;95170476;-2922722;-5134917
430210;RS;BENTO GONCALVES;2241021;HOSPITAL TACCHINI;ASSOCIACAO DR BARTHOLOMEU TACCHINI;8,754744e+13;NA;M;DOUTOR JOSE MARIO MONACO;358;CENTRO;95700068;-2916771;-5151421
430480;RS;CARLOS BARBOSA;2241137;HOSPITAL SAO ROQUE;ASSOCIACAO DR BARTHOLOMEU TACCHINI;8,754744e+13;NA;M;PRESIDENTE KENNEDY;343;AURORA;95185000;-2929566;-5149822
430270;RS;BUTIA;2265958;HOSPITAL DE BUTIA;FUNDACAO MUNICIPAL DE SAUDE;NA;9,026048e+13;D;AV HONORIO HERMETO;310;CIDADE ALTA;96750000;-3012573;-5196219
430460;RS;CANOAS;3508528;HOSPITAL UNIVERSITARIO;GAMP GRUPO DE APOIO A MEDICINA PREVENTIVA E SAUDE PUBLICA;9,549061e+12;NA;M;AVENIDA FARROUPILHA;8001;SAO JOSE;92425900;-2992830;-5116766
432200;RS;TRIUNFO;2227673;HOSPITAL DE CARIDADE SANTA RITA;SOCIEDADE PARA FUND E MANUT DO HOSP DE CARIDADE SANTA RITA;9,822799e+13;NA;D;RUA OSVALDO ARANHA;128;CENTRO;95840000;-2994482;-5171780
431405;RS;PAROBE;2227762;HOSPITAL SAO FRANCISCO DE ASSIS;ASSOCIACAO BENEFICENTE DE PAROBE;8,837312e+13;NA;E;RUA THENO JOSE BERLITZ;50;CENTRO;95630000;-2962493;-5083816
431240;RS;MONTENEGRO;2227959;HOSPITAL UNIMED VALE DO CAI;UNIMED VALE DO CAI SOC COOP DE SERV DE SAUDE LTDA;8,730636e+13;NA;M;RUA JULIO RENNER;450;TIMBAUVA;95780000;-29689;-51461
430520;RS;CERRO LARGO;2259869;HOSPITAL DE CARIDADE SERRO AZUL;ASSOCIACAO HOSPITALAR DE CARIDADE SERRO AZUL;8,636725e+12;NA;D;RUA SETE DE SETEMBRO;743;CENTRO;97900000;-2814710;-5473716
431750;RS;SANTO ANGELO;2259907;HOSPITAL SANTO ANGELO;ASSOCIACAO HOSPITAL DE CARIDADE DE SANTO ANGELO;9,621047e+13;NA;D;ANTONIO MANOEL;701;CENTRO;98801690;-2830598;-5426351
430300;RS;CACHOEIRA DO SUL;2266474;HOSPITAL DE CARIDADE E BENEFICENCIA;HOSPITAL DE CARIDADE E BENEFICENCIA;8,776874e+13;NA;M;RUA SALDANHA MARINHO;48;CENTRO;96508000;-3005234;-5289047
431410;RS;PASSO FUNDO;2246929;HOSPITAL DE CLINICAS DE PASSO FUNDO;HOSPITAL DE CLINICAS DE PASSO FUNDO;9,203054e+13;NA;E;RUA TIRADENTES;295;CENTRO;99010260;-2825632;-5240199
431410;RS;PASSO FUNDO;2246996;HOSPITAL MUNICIPAL PASSO FUNDO;HOSPITAL BENEFICENTE DR CESAR SANTOS;9,203223e+13;NA;E;RUA ALCIDES MOURA;100;POPULAR;99010640;-2825731;-5239383
430460;RS;CANOAS;2232014;HOSPITAL NOSSA SENHORA DAS GRACAS;ASSOCIACAO BENEFICENTE DE CANOAS;8,831413e+13;NA;M;RUA SANTOS FERREIRA;1864;MARECHAL RONDON;92025222;-29918;-51184
431020;RS;IJUI;2261030;HOSPITAL BOM PASTOR IJUI;ASSOCIACAO HOSPITAL BOM PASTOR IJUI;9,200423e+13;NA;D;AV DAVID JOSE MARTINS;1376;HAMMASTRON;98700000;-2839343;-5390549
431020;RS;IJUI;2261057;HOSPITAL DE CARIDADE DE IJUI;ASSOCIACAO HOSPITAL DE CARIDADE IJUI;9,073051e+13;NA;E;AV DAVID JOSE MARTINS;152;CENTRO;98700000;-28388;-53915
431680;RS;SANTA CRUZ DO SUL;2255928;HOSPITAL MONTE ALVERNE;HOSPITAL BENEFICENTE MONTE ALVERNE;9,542818e+13;NA;M;RUA PEDRO EGGLER;600;MONTE ALVERNE;96859000;-2956569;-5233440
431680;RS;SANTA CRUZ DO SUL;2255936;HOSPITAL ANA NERY;HOSPITAL ANA NERY SANTA CRUZ DO SUL;9,542236e+13;NA;M;RUA PEREIRA DA CUNHA;209;ARROIO GRANDE;96835090;-2973740;-5242519
430510;RS;CAXIAS DO SUL;2223546;HOSPITAL POMPEIA;PIO SODALICIO DAS DAMAS DE CARIDADE DE CAXIAS DO SUL;8,863323e+13;NA;M;AV JULIO DE CASTILHOS;2163;CENTRO;95010005;-29168;-51179
430510;RS;CAXIAS DO SUL;2223570;HOSPITAL DO CIRCULO;CIRCULO OPERARIO CAXIENSE;8,864540e+13;NA;M;RUA ARCY DA ROCHA NOBREGA;421;JARDIM MARGARIDA;95040000;-29168;-51179
431340;RS;NOVO HAMBURGO;3213943;HOSPITAL UNIMED;UNIMED VALE DO SINOS COOPERATIVA DE ASSISTENCIA A SAUDE LT;8,825888e+13;NA;M;RUA WALDEMAR GEIB;161;CANUDOS;93540300;-29678;-51131
431440;RS;PELOTAS;2253690;CLINICANP;HOSPITAL CLINICANP LTDA;9,496439e+13;NA;M;RUA QUINZE DE NOVEMBRO;1100;CENTRO;96015000;-3175489;-5233500
431680;RS;SANTA CRUZ DO SUL;2254964;HOSPITAL SANTA CRUZ;ASSOCIACAO PROENSINO EM SANTA CRUZ DO SUL;9,543841e+13;9,543841e+13;M;RUA FERNANDO ABOTT;174;CENTRO;96810072;-2972022;-5242688
432160;RS;TRAMANDAI;2793008;HOSPITAL TRAMANDAI;FUNDACAO DE SAUDE SAPUCAIA DO SUL;1,318351e+13;1,318351e+13;D;AV EMANCIPACAO;1255;CENTRO;95590000;-2999201;-5013983
430610;RS;CRUZ ALTA;2263823;HOSPITAL SANTA LUCIA LTDA;HOSPITAL SANTA LUCIA LTDA;8,912123e+13;NA;M;R CORONEL PILLAR;748;CENTRO;98025220;-28639;-53606
430610;RS;CRUZ ALTA;2263858;HOSPITAL DE CARIDADE SAO VICENTE DE PAULO;ASSOCIACAO DAS DAMAS DE CARIDADE;8,912463e+13;NA;D;RUA VENANCIO AIRES;163;CENTRO;98005096;-2863613;-5360655
430920;RS;GRAVATAI;2232049;HOSPITAL DOM JOAO BECKER;IRMANDADE DA SANTA CASA DE MISERICORDIA DE PORTO ALEGRE;9,281500e+13;NA;M;JOSE LOUREIRO DA SILVA;1561;CENTRO;94010001;-2994153;-5099423
431340;RS;NOVO HAMBURGO;2232057;HOSPITAL REGINA NOVO HAMBURGO;ASSOCIACAO CONGREGACAO DE SANTA CATARINA;9,168136e+13;9,168136e+13;M;AV DR MAURICIO CARDOSO;711;HAMBURGO VELHO;93510223;-29678;-51131
430310;RS;CACHOEIRINHA;2232103;HOSPITAL PADRE JEREMIAS;FUNDACAO UNIVERSITARIA DE CARDIOLOGIA;9,289855e+13;NA;D;LINDOLFO WAGNER;185;PARQUE DA MATRIZ;94910030;-2994022;-5108050
430620;RS;CRUZEIRO DO SUL;2252074;HOSPITAL SAO GABRIEL ARCANJO;SOCIEDADE HOSPITALAR SAO GABRIEL ARCANJO;9,115490e+13;NA;M;RUA GENERAL NETO;192;CENTRO;95930000;-2951357;-5198580
430100;RS;ARROIO DO MEIO;2252198;HOSPITAL SAO JOSE ARROIO DO MEIO;SOCIEDADE SULINA DIVINA PROVIDENCIA;8,731776e+13;8,731776e+13;M;JULIO DE CASTILHOS;314;CENTRO;95940000;-2940209;-5194672
430780;RS;ESTRELA;2252260;HOSPITAL ESTRELA;SOCIEDADE SULINA DIVINA PROVIDENCIA;8,731776e+13;NA;M;GERALDO PEREIRA;405;CENTRO;95880000;-29502;-51966
431440;RS;PELOTAS;2252295;SOCIEDADE PORTUGUESA DE BENEFICENCIA;SOCIEDADE PORTUGUESA DE BENEFICENCIA;9,221907e+13;NA;M;RUA ANDRADE NEVES;915;CENTRO;96020080;-3177523;-523459
431440;RS;PELOTAS;2252694;HOSPITAL ESCOLA DA UNIVERSIDADE FEDERAL DE PELOTAS;UNIVERSIDADE FEDERAL DE PELOTAS;9,224208e+13;9,224208e+13;M;RUA PROFESSOR ARAUJO;538;CENTRO;96020360;-3176473;-5234688
431740;RS;SANTIAGO;2244357;HOSPITAL DE CARIDADE DE SANTIAGO;HOSPITAL DE CARIDADE DE SANTIAGO;9,613664e+13;NA;D;RUA SETE DE SETEMBRO;570;CENTRO;97700240;-2920076;-5486537
431410;RS;PASSO FUNDO;2245663;HOSPITAL SAO VICENTE DE PAULO;ASSOCIACAO HOSPITALAR BENEFICENTE SAO VICENTE DE PAULO;9,202106e+13;NA;M;RUA URUGUAI;2050;CENTRO;99010112;-2825027;-5239622
431340;RS;NOVO HAMBURGO;2232146;FUNDACAO DE SAUDE PUBLICA DE NOVO HAMBURGO FSNH;FUNDACAO DE SAUDE PUBLICA DE NOVO HAMBURGO FSNH;1,105568e+13;NA;M;AVN PEDRO ADAMS FILHO;6520;OPERARIO;93315544;-29678;-51131
431480;RS;PORTAO;2232170;HOSPITAL DE PORTAO;FUNDACAO HOSPITALAR EDUCACIONAL E SOCIAL DE PORTAO;8,826369e+13;NA;E;SAO LEOPOLDO;996;CENTRO;93180000;-29702;-51242
430760;RS;ESTANCIA VELHA;2707632;HOSPITAL MUNICIPAL GETULIO VARGAS;MUNICIPIO DE ESTANCIA VELHA;NA;8,825488e+13;D;R ADOLFO MATTES;236;CENTRO;93600300;-2964901;-5117487
431560;RS;RIO GRANDE;2707675;HOSPITAL UNIVERSITARIO DR MIGUEL RIET CORREA JR;EMPRESA BRASILEIRA DE SEVICOS HOSPITALARES EBSERH;1,512644e+13;NA;E;RUA VISCONDE DE PARANAGUA;102;CENTRO;96200190;-32035;-52099
430700;RS;ERECHIM;2707918;FUNDACAO HOSPITALAR SANTA TEREZINHA DE ERECHIM;FUNDACAO HOSPITALAR SANTA TEREZINHA DE ERECHIM;8,942126e+13;NA;D;RUA ITALIA;919;CENTRO;99700048;-2763612;-5228249
430463;RS;CAPAO DA CANOA;2707969;HOSPITAL BENEFICIENTE SANTA LUZIA;ASSOCIACAO EDUCADORA SAO CARLOS HOSP BENEF SANTA LUZIA;8,862569e+13;NA;E;RUA DOM LUIZ GUANELLA;2864;GIRASSOL;95555000;-2976543;-5002489
431440;RS;PELOTAS;2253046;UCPEL HOSPITAL UNIVERSITARIO SAO FRANCISCO DE PAULA;ASSOCIACAO PELOTENSE DE ASSISTENCIA E CULTURA;9,223891e+13;NA;M;RUA MARECHAL DEODORO;1123;CENTRO;96020220;-3175756;-5234074
431560;RS;RIO GRANDE;2232995;SANTA CASA DO RIO GRANDE;ASSOCIACAO DE CARIDADE SANTA CASA DE RIO GRANDE;9,486227e+13;NA;D;GENERAL OSORIO;625;CENTRO;96200400;-3203483;-5209002
431460;RS;PIRATINI;2233347;HOSPITAL DE CARIDADE NOSSA SENHORA DA CONCEICAO PIRATINI;HOSPITAL DE CARIDADE NOSSA SENHORA DA CONCEICAO;9,263779e+13;NA;D;AVENIDA SEIS DE JULHO;42;CENTRO;96490000;-3144916;-5310728
430440;RS;CANELA;2235609;HOSPITAL DE CANELA;HOSPITAL DE CARIDADE DE CANELA;8,821079e+13;NA;M;AVENIDA VISCONDE DE MAUA;143;CENTRO;95680000;-2937506;-5080911
431490;RS;PORTO ALEGRE;3006522;HOSPITAL MOINHOS DE VENTO;ASSOCIACAO HOSPITALAR MOINHOS DE VENTO;9,268583e+13;NA;M;RUA RAMIRO BARCELOS;910;MOINHOS DE VENTO;90035001;-3002756;-5120873
431490;RS;PORTO ALEGRE;3007847;HOSPITAL MAE DE DEUS;ASSOCIACAO EDUCADORA SAO CARLOS AESC;8,862569e+13;NA;M;RUA JOSE DE ALENCAR;286;MENINO DEUS;90880480;-3005957;-5122884
431720;RS;SANTA ROSA;3017060;HOSPITAL VIDA SAUDE;ASSOCIACAO HOSPITALAR CARIDADE SANTA ROSA;9,581567e+13;NA;M;SANTA ROSA;980;CENTRO;98780127;-2787169;-5447669
430160;RS;BAGE;2261987;SANTA CASA DE CARIDADE DE BAGE;SANTA CASA DE CARIDADE DE BAGE;8,740885e+13;NA;E;RUA GOMES CARNEIRO;1350;CENTRO;96400130;-31331;-54107
430160;RS;BAGE;2261995;HOSPITAL UNIVERSITARIO URCAMP;HOSPITAL UNIVERSITARIO URCAMP;8,964054e+13;NA;D;RUA FLORES DA CUNHA;169;CENTRO;96400350;-3133321;-5410594
431490;RS;PORTO ALEGRE;2237849;INSTITUTO DE CARDIOLOGIA;FUNDACAO UNIVERSITARIA DE CARDIOLOGIA INST DE CARDIOLOGIA;9,289855e+13;NA;M;AV PRINCESA ISABEL;395;AZENHA;90620001;-30033;-51.23
430350;RS;CAMAQUA;2257548;HOSPITAL NOSSA SENHORA APARECIDA DE CAMAQUA;FUNDACAO ASSISTENCIAL E BENEFICENTE DE CAMAQUA;8,835894e+13;NA;D;CRISTOVAO GOMES DE ANDRADE;665;CENTRO;96180000;-3084912;-5181315
430860;RS;GARIBALDI;2257645;HOSPITAL SAO PEDRO;HOSPITAL BENEFICENTE SAO PEDRO;9,005280e+13;NA;M;RUA 31 DE OUTUBRO;7;CENTRO;95720000;-2925471;-5153355
431350;RS;OSORIO;2257815;HOSPITAL SAO VICENTE DE PAULO;ASSOCIACAO BENEFICENTE SAO VICENTE DE PAULO;9,188496e+13;NA;D;JOAO SARMENTO;391;CENTRO;95520000;-298864;-5026534
431490;RS;PORTO ALEGRE;2237156;HBMPA;HOSPITAL DA BRIGADA MILITAR DE PORTO ALEGRE;NA;8,793468e+13;M;RUA DR CASTRO DE MENEZES;155;CRISTAL;91900590;-30033;-51.23
431490;RS;PORTO ALEGRE;2237253;IRMANDADE DA SANTA CASA DE MISERICORDIA DE PORTO ALEGRE;IRMANDADE DA SANTA CASA DE MISERICORDIA DE PORTO ALEGRE;9,281500e+13;NA;M;R PROF ANNES DIAS;295;CENTRO;90020090;-30033;-51.23
431490;RS;PORTO ALEGRE;2237261;HOSPITAL BENEFICENCIA PORTUGUESA;ASSOCIACAO BENEFICENTE SAO MIGUEL ABSM;1,048533e+13;NA;M;AVENIDA INDEPENDENCIA;270;CENTRO;90035070;-3002881;-5121872
431490;RS;PORTO ALEGRE;2237598;HOSPITAL DIVINA PROVIDENCIA;SOCIEDADE SULINA DIVINA PROVIDENCIAHOSPITAL DIVINA PROVIDEN;8,731776e+13;8,731776e+13;M;RUA DA GRUTA;145;CASCATA;91712160;-3007949;-5119285
431490;RS;PORTO ALEGRE;2237601;HOSPITAL DE CLINICAS;HOSPITAL DE CLINICAS DE PORTO ALEGRE;8,702052e+13;NA;M;RUA RAMIRO BARCELOS;2350;SANTANA;90035903;-3004234;-5120821
430470;RS;CARAZINHO;2262274;HOSPITAL COMUNITARIO DE CARAZINHO;HOSPITAL DE CARIDADE DE CARAZINHO;8,845023e+13;NA;M;GENERAL CAMARA;70;CENTRO;99500000;-28284;-52786
431490;RS;PORTO ALEGRE;7092571;HOSPITAL INDEPENDENCIA;SOCIEDADE SULINA DIVINA PROVIDENCIA;8,731776e+13;NA;M;AV ANTONIO CARVALHO;450;JARDIM CARVALHO;91430000;-3005453;-5115303
430280;RS;CACAPAVA DO SUL;2234416;HOSPITAL DE CARIDADE DR VICTOR LANG;ASSOCIACAO HOSPITAL DE CARIDADE DR VICTOR LANG;8,768050e+13;NA;E;AV CORONEL CORIOLANO CASTRO;920;CENTRO;96570000;-3051637;-5348492
431690;RS;SANTA MARIA;2244276;HOSPITAL DE CARIDADE ASTROGILDO DE AZEVEDO;HOSPITAL DE CARIDADE DR ASTROGILDO DE AZEVEDO;9,561089e+13;NA;E;PRESIDENTE VARGAS;2291;CENTRO;97015513;-2969199;-5380695
431490;RS;PORTO ALEGRE;2262568;HOSPITAL SAO LUCAS DA PUCRS;UNIAO BRASILEIRA DE EDUCACAO E ASSISTENCIA;8,863041e+13;8,863041e+13;M;IPIRANGA;6690;JARDIM BOTANICO;90610000;-3005488;-5117581
431710;RS;SANTANA DO LIVRAMENTO;5395194;PRONTOMED CTI CENTRO DE TRATAMENTO INTENSIVO LTDA;PRONTOMED CTI CENTRO DE TRATAMENTO INTENSIVO LTDA;3,563777e+12;NA;M;AV ALMIRANTE TAMANDARE;2880;CENTRO;97573523;-30891;-55533
431710;RS;SANTANA DO LIVRAMENTO;2248220;SANTA CASA DE MISERICORDIA;SANTA CASA DE MISERICORDIA;9,603958e+13;NA;M;RUA MANDUCA RODRIGUES;295;CENTRO;97573560;-30891;-55533
431490;RS;PORTO ALEGRE;2265052;HOSPITAL FEMINA;HOSPITAL NOSSA SENHORA DA CONCEICAO S A;9,278712e+13;NA;M;RUA MOSTARDEIRO;17;RIO BRANCO;90430001;-3002916;-5120686
431020;RS;IJUI;3506959;HOSPITAL UNIMED;UNIMED NOROESTE RS SOCIEDADE COOP DE ASSIS A SAUDE LTDA;8,764776e+13;NA;E;RUA PEDRO HAMMARSTRON;287;HAMMRSTRON;98700000;-2839736;-5390154
430460;RS;CANOAS;3626245;HOSPITAL PRONTO SOCORRO DE CANOAS DEP NELSON MARCHEZAN;HOSPITAL PRONTO SOCORRO DE CANOAS DEP NELSON MARCHEZAN;NA;8,857742e+13;M;RUA CACAPAVA;100;MATHIAS VELHO;92330290;-29918;-51184
431870;RS;SAO LEOPOLDO;2232022;HOSPITAL CENTENARIO;FUNDACAO HOSPITAL CENTENARIO;9,293125e+13;NA;M;AV THEODOMIRO PORTO DA FONSECA;799;FIAO;93020645;-2977629;-5114856
432150;RS;TORRES;2707950;HOSPITAL BENEFICENTE NOSSA SENHORA DOS NAVEGANTES;ASSOCIACAO EDUCADORA SAO CARLOS AESC;8,862569e+13;NA;D;MANOEL JOSE DE MATOS PEREIRA;260;CENTRO;95560000;-2933615;-4972805
432120;RS;TAQUARA;2227932;HOSPITAL BOM JESUS;ASSOCIACAO BENEFICENTE SILVIO SCOPEL;8,752268e+13;NA;E;R EMILIO LUCIO ESTEVES;1042;SAGRADA FAMILIA;95611018;-29651;-50781
431520;RS;PUTINGA;2252171;HOSPITAL DOUTOR OSCAR BENEVOLO;ASSOCIACAO HOSPITALAR DOUTOR OSCAR BENEVOLO;8,930790e+13;NA;M;RUA JULIO DE CASTILHOS;452;CENTRO;95975000;-2900248;-5215757
431960;RS;SAO SEPE;2244322;HOSPITAL SANTO ANTONIO;ASSOCIACAO BENEFICENTE HOSPITAL SANTO ANTONIO;9,722738e+13;NA;D;RUA CEL CHANANECO;600;CENTRO;97340000;-3016997;-5356360
431750;RS;SANTO ANGELO;7151888;HOSPITAL REGIONAL UNIMED MISSOES;UNIMED MISSOES RS COOPERATIVA DE ASSISTENCIA A SAUDE LTDA;8,770125e+13;NA;M;AV RIO GRANDE DO SUL;1133;AVANCO;98801029;-2831002;-5425864
431490;RS;PORTO ALEGRE;5026253;HOSPITAL PORTO ALEGRE;ASSSOCIACAO DOS FUNCIONARIOS MUNICIPAIS DE PORTO ALEGRE;9,283116e+13;9,283116e+13;M;RUA ANTONIO FRANCISCO DS ROCHA;100;AZENHA;90050010;-30033;-51.23
432000;RS;SAPUCAIA DO SUL;2232162;FUNDACAO HOSPITALAR DE SAPUCAIA DO SUL;MUNICIPIO DE SAPUCAIA DO SUL;NA;8,818502e+13;M;RUA PINHEIRO MACHADO;331;DIEHL;93210180;-2982428;-5116577
431570;RS;RIO PARDO;2792974;HOSPITAL REGIONAL DO VALE DO RIO PARDO;ABRASSI ASSOCIACAO BRASILEIRA DE ASSISTENCIA SOCIAL SAUDE;NA;8,882108e+13;M;PRACA CORONEL PEREIRA REGO;30;AUXILIADORA;96640000;-2998683;-5238160
431010;RS;IGREJINHA;2227665;HOSPITAL BOM PASTOR;ASSOCIACAO BENEFICENTE DE IGREJINHA;8,736980e+13;NA;D;RUA DR EDMUNDO LAUFFER;351;BOM PASTOR;95650000;-2957221;-5080086
430850;RS;FREDERICO WESTPHALEN;2228602;HOSPITAL DIVINA PROVIDENCIA FREDWEST;SOC BENEF DO HOSPITAL DE CARIDADE;9,240479e+13;NA;D;RUA SETE DE SETEMBRO;90;CENTRO;98400000;-2735471;-5340060
431080;RS;IVOTI;2232189;HOSPITAL SAO JOSE IVOTI;ASSOCIACAO CONGREGACAO DE SANTA CATARINA;9,168136e+13;9,168136e+13;E;PRESIDENTE LUCENA;3598;CENTRO;93900000;-29591;-51161
431850;RS;SAO JOSE DO NORTE;2233355;HOSPITAL MUNICIPAL SAO JOSE DO NORTE;MUNICIPIO DE SAO JOSE DO NORTE;NA;8,856890e+13;M;R DR EDGARDO PEREIRA VELHO;286;JOAO DE MAGALHAES;96225000;-3200976;-5204097
431370;RS;PALMEIRA DAS MISSOES;2235323;HOSPITAL DE CARIDADE PALMEIRA DAS MISSOES;ASSOCIACAO DO HOSPITAL DE CARIDADE DE PALMEIRA DAS MISSOES;9,194520e+13;NA;D;RUA MARECHAL DEODORO;251;CENTRO;98300000;-2789938;-5331764
430420;RS;CANDELARIA;2236362;HOSPITAL CANDELARIA;SOCIEDADE BENEFICENTE HOSPITAL CANDELARIA;8,816308e+13;NA;M;AV MARECHAL DEODORO;1279;CENTRO;96930000;-2966627;-5279228
432080;RS;SOLEDADE;2246961;HOSPITAL FREI CLEMENTE SOLEDADE;HOSPITAL DE CARIDADE FREI CLEMENTE;9,750368e+13;NA;E;AV PINHEIRO MACHADO;828;CENTRO;99300000;-28818;-52.51
431250;RS;MOSTARDAS;2224615;HOSPITAL SAO LUIZ;SOCIEDADE BENEFICIENTE SAO LUIZ DE MOSTARDAS;9,060441e+13;NA;D;ALMIRANTE TAMANDARE;864;CENTRO;96270000;-31107;-50921
432190;RS;TRES PASSOS;2228726;HOSPITAL CARIDADE TRES PASSOS;ASSOCIACAO HOSPITAL DE CARIDADE DE TRES PASSOS;9,811000e+13;NA;D;RUA MARIO TOTTA;157;CENTRO;98600000;-27456;-53932
431880;RS;SAO LOURENCO DO SUL;2233312;SANTA CASA DE MISERIC S LOURENCO DO SUL;SANTA CASA DE MISERICORDIA DE SAO LOURENCO DO SUL;9,701169e+13;NA;D;RUA ALMIRANTE ABREU;437;CENTRO;96170000;-3136436;-5197865
430820;RS;FLORES DA CUNHA;2241145;HOSPITAL FATIMA;SOCIEDADE BENEFICENTE HOSPITALAR NOSSA SENHORA DE FATIMA;8,996333e+13;NA;M;RUA ERNESTO ALVES;1980;CENTRO;95270000;-29029;-51182
431900;RS;SAO MARCOS;2241226;HOSPITAL BENEFICENTE SAO JOAO BOSCO;HOSPITAL BENEFICENTE SAO JOAO BOSCO;8,865430e+13;NA;M;R OSVALDO ARANHA;978;CENTRO;95190000;-28971;-51068
431180;RS;MARAU;2246953;HOSPITAL CRISTO REDENTOR MARAU;ASSOCIACAO HOSPITALAR BENEFICENTE DE MARAU;8,841779e+13;NA;D;RUA BENTO GONCALVES;10;CENTRO;99150000;-2844719;-5219321
431060;RS;ITAQUI;2248271;HOSPITAL SAO PATRICIO DE ITAQUI;HOSPITAL SAO PATRICIO DE ITAQUI;9,092815e+13;NA;D;RUA SAO FRANCISCO;694;CIDADE ALTA;97650000;-2830438;-5660156
431390;RS;PANAMBI;2254956;HOSPITAL PANAMBI;SOCIEDADE HOSPITAL PANAMBI;9,198528e+13;NA;M;RUA BENJAMIN CONSTANT;490;MEDIANEIRA;98280000;-28293;-53502
430910;RS;GRAMADO;2241153;HOSPITAL ARCANJO SAO MIGUEL;ASSOCIACAO FRANCISCANA DE ASSISTENCIA A SAUDE;3,066309e+12;3,066309e+12;M;RUA MADRE VERONICA;396;CENTRO;95670000;-2937697;-5087047
431610;RS;RONDA ALTA;2235420;ASSOCIACAO HOSPITALAR DE RONDA ALTA;ASSOCIACAO HOSPITALAR DE RONDA ALTA;9,731949e+13;NA;E;TRAVESSA SAO JORGE;38;CENTRO;99670000;-2778246;-5280195
430003;RS;ACEGUA;2262010;HOSPITAL DA COLONIA NOVA;COMUNIDADE DA COLONIA NOVA;9,156904e+13;NA;D;POSTO CORREIO COLONIA NOVA;S/N;COLONIA NOVA;96445000;-31868;-54162
430010;RS;AGUDO;2234386;HOSPITAL AGUDO;HOSPITAL AGUDO;8,706809e+13;NA;D;AV EUCLIDES KLIEMANN;300;PROGRESSO;96540000;-2964895;-5324103
430540;RS;CHIAPETTA;2261103;HOSPITAL DE CHIAPETTA;SOCIEDADE HOSPITALAR BENEFICENTE CHIAPETTA;9,444991e+13;NA;D;RUA TOMAZIO DE CARVALHO;977;CENTRO;98760000;-2792112;-5394123
430570;RS;CONDOR;2261111;HOSPITAL DE CONDOR;SOCIEDADE HOSPITAL BENEFICENTE DE CONDOR;9,198387e+13;NA;D;GERMANO KELLER;66;CENTRO;98290000;-2820558;-5348369
430580;RS;CONSTANTINA;3378691;HOSPITAL DA COMUNIDADE AHCROS CONSTANTINA;ASSOCIACAO HOSPITALAR COMUNITARIA REGIONAL DE SAUDE;4,928075e+12;NA;D;RUA NEREU RAMOS;1005;CENTRO;99680000;-2773150;-5299655
430590;RS;CORONEL BICACO;2235382;ASSOC HOSP SANTO ANTONIO DE PADUA;ASSOC HOSP SANTO ANTONIO DE PADUA;8,873479e+13;NA;D;RUA FRANCISCO GOBBI;510;CENTRO;98580000;-2771707;-5370203
430630;RS;DAVID CANABARRO;2246937;HOSPITAL SAO JOSE DAVID CANABARRO;SOCIEDADE HOSPITALAR BENEFICENTE SAO JOSE;8,841745e+13;NA;D;RUA OCTAVIO BERNARDI;393;CENTRO;99980000;-28388;-51848
430020;RS;AJURICABA;2265885;HOSPITAL AJURICABA;ASSOCIACAO HOSPITALAR BENEFICENTE AJURICABA;9,016438e+13;NA;D;RUA FLORIANO PEIXOTO;50;PLANALTO;98750000;-2824081;-5377151
430050;RS;ALPESTRE;2228564;HOSPITAL NOSSA SENHORA;SOCIEDADE MEDICA ALPESTRE LDTA;8,852677e+13;NA;D;RUA ALVARO LEITAO;523;CENTRO;98480000;-27249;-53035
430080;RS;ANTONIO PRADO;2241072;HOSPITAL SAO JOSE;SOCIEDADE HOSPITALAR SAO JOSE;8,727700e+13;NA;M;RUA DR OSVALDO HAMPE;258;CENTRO;95250000;-2885683;-5128553
430090;RS;ARATIBA;2249502;ACHA ARATIBA;ASSOCIACAO COMUNITARIA HOSPITALAR DE ARATIBA;9,086845e+13;NA;E;SANTO GRANZOTTO;346;CENTRO;99770000;-2739581;-5230021
430370;RS;CAMPINA DAS MISSOES;2250802;HOSPITAL CAMPINA;ASSOC ASSIST CULT E HOSP PE BENEDITO MEISTER C MISSOES;9,641978e+13;NA;D;RUA SANTA MARIA;744;CENTRO;98975000;-2798996;-5483234
430430;RS;CANDIDO GODOI;2250675;HOSPITAL SANTO AFONSO;ASSOCIACAO HOSPITALAR SANTO AFONSO;9,641935e+13;NA;D;RUA JOAO MAGALHAES;146;CENTRO;98970000;-2794784;-5475289
431360;RS;PAIM FILHO;2247046;HOSPITAL SANTA TEREZINHA PAIM FILHO;HOSPITAL SANTA TEREZINHA;9,127273e+13;NA;E;RUA DR MILTON MICHELIN;39;CENTRO;99850000;-27711;-51761
430220;RS;BOA VISTA DO BURICA;2250705;HOSPITAL DE CARIDADE BOA VISTA;ASSOCIACAO HOSPITALAR BOA VISTA;9,803980e+13;NA;D;AV SAO JOSE;866;CENTRO;98918000;-2766900;-5411000
430930;RS;GUAIBA;6131913;HOSPITAL UNIMED;UNIMED PORTO ALEGRE COOPERATIVA MEDICA LTDA;8,709662e+13;NA;D;DR JOSE MONTAURY;259;CENTRO;92704650;-3010624;-5131527
431690;RS;SANTA MARIA;5922216;HOSPITAL CASA DE SAUDE;ASSOCIACAO FRANCISCANA DE ASSISTENCIA A SAUDE;3,066309e+12;NA;D;RUA ARY LAGRANHA DOMINGUES;188;PERPETUO SOCORRO;97045060;-2967222;-5380801
430950;RS;GUARANI DAS MISSOES;2259931;HOSPITAL SANTA TERESA GUARANI DAS MISSOES;ASSOCIACAO HOSPITALAR SANTA TERESA;9,045607e+13;NA;D;RUA COMANDAI;889;CENTRO;97950000;-2814503;-5456026
430960;RS;HORIZONTINA;2250772;HOSPITAL OSWALDO CRUZ;HOSPITAL OSWALDO CRUZ LTDA;8,943109e+13;NA;M;RUA OSWALDO CRUZ;154;CENTRO;98920000;-27626;-54308
431400;RS;PARAI;2241218;HOSPITAL BENEFICENTE NOSSA SENHORA APARECIDA;HOSPITAL BENEFICENTE NOSSA SENHORA APARECIDA;9,161741e+13;NA;M;HENRIQUE LENZI;15;CENTRO;95360000;-2859439;-5178423
431402;RS;PARAISO DO SUL;2234467;UNIDADE MISTA HOSPITAL PARAISO;HOSPITAL PARAISO SOCIEDADE ASSISTENCIAL E BENEFICENTE;8,776949e+13;NA;D;RUA THEODOR WURTH;208;VILA PARAISO;96530000;-2967030;-5314402
431690;RS;SANTA MARIA;2244365;HOSPITAL DA BASE AEREA;BASE AEREA DE SANTA MARIA;3,944290e+11;NA;M;RS 509 FAIXA DE CAMOBI KM 12;S/N;CAMOBI;97110620;-2969558;-5382776
430490;RS;CASCA;2246872;HOSPITAL SANTA LUCIA CASCA;HOSPITAL BENEFICENTE SANTA LUCIA;8,859037e+13;NA;D;RUA VITORINO MONTEIRO;755;CENTRO;99260000;-2856628;-5197606
431430;RS;PEJUCARA;2261138;HOSPITAL PEJUCARA;ASSOCIACAO HOSPITALAR RIO BRANCO DE PEJUCARA;8,912922e+13;NA;D;LUIGI BASSO;1017;CENTRO;98270000;-2842161;-5365435
431730;RS;SANTA VITORIA DO PALMAR;2233398;IRMANDADE S CASA DE MISERICORDIA DE S V PALMAR;IRMANDADADE DA S CASA DE MISERICORDIA DE SV PALMAR;9,601460e+13;NA;D;DOUTOR ALIPIO SANTIAGO CORREA;55;CENTRO;96230000;-33519;-53368
431000;RS;IBIRUBA;5395674;HOSPITAL ANNES DIAS;ASSOCIACAO HOSPITALAR ANNES DIAS;7,964977e+12;NA;D;RUA DINIZ DIAS;309;CENTRO;98200000;-28628;-53.09
431030;RS;ILOPOLIS;2252139;HOSPITAL BENEFICENTE LEONILDA BRUNET;CONGREGACAO DAS IRMAS SERVAS DA IMAC CONCEICAO DA VIRGEM MA;8,726336e+13;NA;M;RUA JOAO TOMASINI;495;CENTRO;95990000;-2892966;-5212716
430640;RS;DOIS IRMAOS;6844138;HOSPITAL SAO JOSE DE DOIS IRMAOS IBSAUDE;INSTITUTO BRASILEIRO DE SAUDE ENSINO PESQUISAE EXTENSAO PARA;7,836454e+12;NA;D;AV SAO MIGUEL;482;CENTRO;93950000;-29.58;-51085
430645;RS;DOIS LAJEADOS;2241013;HOSPITAL DE CARIDADE SAO ROQUE;HOSPITAL DE CARIDADE SAO ROQUE;9,039641e+13;NA;D;RUA JOAO RIBEIRO;10;CENTRO;99220000;-2898318;-5183840
430690;RS;ENCRUZILHADA DO SUL;2234432;HOSPITAL SANTA BARBARA;CONG IRMAS SERVAS IMACULADA CONC VIRGEM MARIA;8,726336e+13;8,726336e+13;E;RUA CORONEL HONORIO CARVALHO;878;CENTRO;96610000;-3054569;-5252591
431050;RS;IRAI;2228653;HOSPITAL N S AUXILIADORA IRAI;SOCIEDADE HOSPITALAR N S AUXILIADORA;9,083960e+13;NA;D;RUA TORRES GONCALVES;687;CENTRO;98460000;-2719393;-5325686
431440;RS;PELOTAS;2253054;SANTA CASA DE MISERICORDIA DE PELOTAS;SANTA CASA DE MISERICORDIA DE PELOTAS;9,221956e+13;NA;M;PCA PIRATININO DE ALMEIDA;53;CENTRO;96015290;-3176568;-5234693
431447;RS;PINHAL GRANDE;2244209;CASA DE SAUDE SAO JOSE;CASA DE SAUDE SAO JOSE;8,840643e+13;NA;D;RUA CEZAR RUBIN;324;CENTRO;98150000;-2933512;-5334200
431450;RS;PINHEIRO MACHADO;2233320;HOSPITAL PINHEIRO MACHADO;ASSOCIACAO DE ASSITENCIA SOCIAL HOSPITAL PINHEIRO MACHADO;9,262092e+13;NA;D;RUA DUTRA DE ANDRADES;1221;CENTRO;96470000;-3157838;-5337737
431915;RS;SAO MIGUEL DAS MISSOES;2259877;HOSPITAL SAO MIGUEL ARCANJO;ASSOCIACAO HOSPITALAR DE CARIDADE BENEFICENTE SAO MIGUEL;8,993176e+13;NA;D;RUA SANTO ANGELO;519;CENTRO;98865000;-2855018;-5455039
431075;RS;IVORA;2244179;HOSPITAL DE IVORA;SOCIEDADE HOSPITAL NOSSA SENHORA DA SAUDE;8,813592e+13;NA;D;RUA BENTO GONCALVES;539;CENTRO;98160000;-2951994;-5358047
431100;RS;JAGUARAO;2233401;SANTA CASA DE CARIDADE JAGUARAO;SANTA CASA DE CARIDADE DE JAGUARAO;8,841366e+13;NA;D;PRACA DR HERMES PINTO AFONSO;S/N;CENTRO;96300000;-3256777;-5337721
431470;RS;PLANALTO;2228556;HOSPITAL MEDIANEIRA PLANALTO;ASSOCIACAO BENEFICIENTE NOSSA SENHORA MEDIANEIRA;9,084172e+13;NA;D;VICENTE DUTRA;661;CENTRO;98470000;-27329;-53059
431490;RS;PORTO ALEGRE;6295320;AESC HOSPITAL SANTA ANA;ASSOCIACAO EDUCADORA SAO CARLOS AESC;8,862569e+13;NA;M;SIMOES LOPES NETO;175;TERESOPOLIS;91720440;-3008097;-5120624
431780;RS;SANTO AUGUSTO;2261065;HOSPITAL BOM PASTOR;ASSOCIACAO HOSPITALAR BOM PASTOR;9,016729e+13;NA;D;RUA INDEPENDENCIA;73;CENTRO;98590000;-27851;-53777
431270;RS;NONOAI;2228688;HOSPITAL COMUNITARIO NONOAI;SOCIEDADE HOSPITALAR COMUNITARIA E BENEFICIENTE NONOAI;9,089422e+13;NA;D;RUA PE MANOEL GOMES GONZALE S;395;OPERARIO;99600000;-27362;-52771
431930;RS;SAO PAULO DAS MISSOES;2250713;HOSPITAL DE CARIDADE SAO PAULO SAO PAULO DAS MISSOES;ASSOCIACAO FRANCISCANA DE ASSISTENCIA A SAUDE;3,066309e+12;3,066309e+12;D;INDEPENDENCIA;265;CENTRO;97980000;-2802197;-5493693
431120;RS;JULIO DE CASTILHOS;2244098;HOSPITAL BERNARDINA SALLES DE BARROS;HOSPITAL BERNARDINA SALLES DE BARROS;9,102456e+13;NA;D;RUA ANTONIO CARBONE;S/N;CENTRO;98130000;-2922712;-5367871
431490;RS;PORTO ALEGRE;2778718;HPS;HOSPITAL DE PRONTO SOCORRO;NA;9,296356e+13;M;LARGO THEODORO HERLTZ;S/N;BOM FIM;90040194;-3003690;-5120972
431810;RS;SAO FRANCISCO DE ASSIS;2244330;HOSPITAL SANTO ANTONIO;HOSPITAL SANTO ANTONIO;9,653576e+13;NA;D;RUA 13 DE JANEIRO;1424;CENTRO;97610000;-2955097;-5512821
432270;RS;VERA CRUZ;2236354;HOSPITAL VERA CRUZ;FUNDACAO DE SAUDE DR JACOB BLESZ;1,740921e+12;NA;D;RUA ROBERTO GRUENDLING;125;CENTRO;96880000;-29715;-52506
431150;RS;LAVRAS DO SUL;2262029;FUNDACAO MEDICO HOSPITALAR;FUNDACAO MEDICO HOSPITALAR DR HONOR TEIXEIRA DA COSTA;9,291168e+13;NA;D;AV 9 DE MAIO;141;HOSPITAL;97390000;-30813;-53895
431843;RS;SAO JOAO DO POLESINE;6364810;HOSPITAL DR ROBERTO BINATTO;HOSPITAL DR ROBERTO BINATTO;8,989134e+13;NA;D;RUA AUGUSTO ARNUTI;1536;CENTRO;97230000;-2962017;-5344598
431860;RS;SAO JOSE DO OURO;2246791;HOSPITAL SAO JOSE;FUNDACAO ARAUCARIA;9,670433e+13;9,670433e+13;E;AV MARECHAL FLORIANO;801;CENTRO;99870000;-2776752;-5159149
432280;RS;VERANOPOLIS;2707977;HOSPITAL COMUNITARIO SAO PEREGRINO LAZZIOZI;ASSOCIACAO VERANENSE DE ASSISTENCIA EM SAUDE;8,787328e+13;8,787328e+13;M;RUA SAUL IRINEU FARINA;160;SAO PEREGRINO;95330000;-28936;-51549
430750;RS;ESPUMOSO;2246813;HOSPITAL NOTRE DAME SAO SEBASTIAO;CONGREGACAO DE NOSSA SENHORA;9,201752e+13;9,201752e+13;E;RUA PADRE REUS;80;CENTRO;99400000;-2872441;-5284491
431190;RS;MARCELINO RAMOS;2249618;ASSOCIACAO HOSPITALAR MARCELINENSE;ASSOCIACAO HOSPITALAR MARCELINENSE;2,008868e+13;NA;D;RUA DOUTOR JOAO DA SILVEIRA;258;CENTRO;99800000;-2746214;-5190667
431205;RS;MARQUES DE SOUZA;2252007;HOSPITAL MARQUES DE SOUZA;ASSOCIACAO HOSPITALAR MARQUES DE SOUZA;9,116036e+13;NA;M;RUA 10 DE NOVEMBRO;806;CENTRO;95923000;-2932399;-5210216
431880;RS;SAO LOURENCO DO SUL;2233371;CENTRO DE SAUDE SAO JOAO DA RESERVA;ASSOCIACAO BENEFICIENTE SAO JOAO DA RESERVA;9,093871e+13;NA;D;SAO JOAO DA RESERVA;1;DISTRITO;96170000;-3136285;-5197885
431500;RS;PORTO LUCENA;2250810;HOSPITAL SAO JOSE PORTO LUCENA RS;SOCIEDADE HOSPITAL SAO JOSE;9,474657e+13;NA;D;AVN ALMIRANTE GUILHOBEL;87;CENTRO;98980000;-2786539;-5501054
430120;RS;ARROIO DO TIGRE;2234424;HOSPITAL SANTA ROSA DE LIMA;ASSOCIACAO BENEFICENTE SANTA ROSA DE LIMA;9,744829e+13;NA;D;RUA DOM GUILHERME MULLER;932;CENTRO;96950000;-2933359;-5308906
430130;RS;ARROIO GRANDE;2233428;SANTA CASA DE MISERICORDIA DE ARROIO GRANDE;SANTA CASA DE MISERICORDIA DE ARROIO GRANDE;8,735482e+13;NA;D;RUA DR MONTEIRO;1164;CENTRO;96330000;-32238;-53087
430140;RS;ARVOREZINHA;2252163;HOSPITAL BENEFICENTE SAO JOAO ARVOREZINHA;HOSPITAL SAO JOAO DE ARVOREZINHA;8,738287e+13;NA;E;DALTRO FILHO;321;CENTRO;95995000;-2887194;-5218034
430150;RS;AUGUSTO PESTANA;2261081;HOSPITAL SAO FRANCISCO;ASSOCIACAO PROTETORA HOSPITAL SAO FRANCISCO;9,073562e+13;NA;E;RUA DR OROZIMBO SAMPAIO;370;CENTRO;98740000;-2851465;-5399435
431220;RS;MAXIMILIANO DE ALMEIDA;2247038;HOSPITAL SAO JOSE MAXIMILIANO DE ALMEIDA;SOCIEDADE BENEFICENTE SAO JOSE;9,133583e+13;NA;E;RUA VITORIO SETTI;195;CENTRO;99890000;-27632;-51803
431510;RS;PORTO XAVIER;2259982;HOSPITAL DE PORTO XAVIER;ASSOCIACAO HOSPITAL DE CARIDADE NOSSA SENHORA DOS NAVEGANTES;8,761787e+13;NA;D;RUA OSVALDO CRUZ;555;CENTRO;98995000;-27906;-55138
431530;RS;QUARAI;2248247;FUNDACAO HOSPITALAR DE CARIDADE DE QUARAI;FUNDACAO HOSPITALAR DE CARIDADE DE QUARAI;9,475799e+13;NA;M;RUA ASCANIO TUBINO;780;CENTRO;97560000;-3037891;-5646071
430230;RS;BOM JESUS;6011926;HOSPITAL DE BOM JESUS;FUNDACAO AMIGOS DO HOSPITAL DE BOM JESUS;8,762406e+13;NA;M;AVENIDA MANOEL SILVEIRA DE AZEVEDO;2521;CENTRO;95290000;-2866851;-5043606
430235;RS;BOM PRINCIPIO;2241129;HOSPITAL SAO PEDRO CANISIO;ASSOCIACAO BENEFICENTE SAO PEDRO CANISIO;9,719477e+13;NA;M;RUA SAO PEDRO CANISIO;27;CENTRO;95765000;-29489;-51353
430800;RS;FAXINAL DO SOTURNO;2244101;HOSPITAL DE CARIDADE SAO ROQUE;HOSPITAL DE CARIDADE SAO ROQUE;8,989134e+13;NA;D;RUA DONA CECI LEITE COSTA;1266;CENTRO;97220000;-2957403;-5344374
431265;RS;NAO-ME-TOQUE;2246910;HOSPITAL ALTO JACUI NAO ME TOQUE;HOSPITAL BENEFICENCIA ALTO JACUI;9,149599e+13;NA;D;AV DR WALDOMIRO GRAEFF;810;CENTRO;99470000;-28459;-52821
431265;RS;NAO-ME-TOQUE;2246902;HOSPITAL NOTRE DAME JULIA BILLIART;CONGREGACAO DE NOSSA SENHORA;9,201752e+13;9,201752e+13;D;RUA CEL ALBERTO SCHMIDT;515;CENTRO;99470000;-28459;-52821
431290;RS;NOVA BASSANO;5230241;ACONSEL;ASSOCIACAO COMUNITARIA HOSPITAL NOSSA SENHORA DE LOURDES;7,375113e+12;NA;M;RUA PINHEIRO MACHADO;982;CENTRO;95340000;-2873253;-5170410
430240;RS;BOM RETIRO DO SUL;2252023;HOSPITAL DE CARIDADE SANTANA BOM RETIRO DO SUL;ASSOCIACAO CRUZEIRAS DE SAO FRANCISCO;9,277022e+13;9,277022e+13;D;RUA ANTONIO MORAES VIEGAS;133;CENTRO;95870000;-2960329;-5194078
430245;RS;BOQUEIRAO DO LEAO;2252058;HOSP DR ANUAR ELIAS AESSE BOQUEIRAO DO LEAO;ASSOCIACAO BENEF HOSP SAO RAFAEL ARCANJO;4,062415e+12;NA;M;TRAVESSA EUGENIO FRANCIOSI;940;CENTRO;95920000;-2929974;-5242416
430290;RS;CACEQUI;5699525;ASSO;ASSOCIACAO SANTO ONOFRE;7,822222e+12;NA;D;OSVALDO ARANHA;550;CENTRO;97450000;-2987533;-5482438
430810;RS;FELIZ;6014194;HOSPITAL MUNICIPAL SCHLATER;ASSOCIACAO DE SAUDE DE FELIZ;7,755928e+12;NA;M;SANTA CATARINA;900;CENTRO;95770000;-3010893;-5132408
431300;RS;NOVA BRESCIA;2252112;HOSPITAL SAO JOAO BATISTA NOVA BRESCIA;ASSOCIACAO HOSPITALAR SAO JOAO BATISTA;8,731662e+13;NA;M;AVENIDA BENTO GONCALVES;1184;CENTRO;95950000;-2921463;-5202558
431310;RS;NOVA PALMA;2244128;HOSPITAL NOSSA SENHORA DA PIEDADE;ASSOCIACAO HOSPITAL NOSSA SENHORA DA PIEDADE;9,102614e+13;NA;D;RUA SILVIO GROTTO;499;CENTRO;97250000;-2947032;-5347057
431580;RS;ROCA SALES;2252147;SOCIEDADE BENEFICENTE ROQUE GONZALES;SOCIEDADE BENEFICIENTE ROQUE GONZALES;9,519604e+13;NA;D;GENERAL OSORIO;70;CENTRO;95735000;-29284;-51868
431590;RS;RODEIO BONITO;2228734;HOSPITAL SAO JOSE RODEIO BONITO;ASSOCIACAO HOSPITALAR SAO JOSE;1,884775e+12;NA;D;RUA JULIO DE CASTILHOS;290;CENTRO;98360000;-27471;-53169
431600;RS;ROLANTE;2257564;FUNDACAO HOSPITALAR DE ROLANTE;FUNDACAO HOSPITALAR DE ROLANTE;8,966789e+13;NA;D;RUA CARLOS HUFF;150;CENTRO;95690000;-2965868;-5057317
431610;RS;RONDA ALTA;2235412;HOSPITAL DOS TRABALHADORES ATRA;ASSOCIACAO DOS TRABALHADORES DE RONDA ALTA;9,016189e+13;NA;D;RUA JULIO DE CASTILHOS;223;CENTRO;99670000;-2778410;-5280330
431620;RS;RONDINHA;2235447;HOSPITAL PADRE EUGENIO;SOCIEDADE HOSPITALAR BENEFICENTE PE EUGENIO MEDICHESCHI;8,855531e+13;NA;D;ESTRADA GERAL CACHOEIRA BRANCA KM 01;174;CENTRO;99590000;-2782548;-5291449
430840;RS;FORMIGUEIRO;2244217;HOSPITAL MUNICIPAL PEDRO CALIL;PREFEITURA MUNICIPAL DE FORMIGUEIRO;NA;9,722813e+13;D;RUA ADELINO CARDOSO;150;CENTRO;97210000;-3000069;-5349575
430845;RS;FORTALEZA DOS VALOS;2263866;HOSPITAL MUNICIPAL BOM PASTOR;HOSPITAL MUNICIPAL BOM PASTOR;NA;8,970805e+13;D;RUA FACCO;853;CENTRO;98125000;-28797;-53223
431330;RS;NOVA PRATA;2241161;HOSPITAL SAO JOAO BATISTA;HOSPITAL SAO JOAO BATISTA;9,161681e+13;NA;M;AV CONEGO PERES;765;CENTRO;95320000;-28784;-51.61
431630;RS;ROQUE GONZALES;2259974;HOSPITAL SANTO ANTONIO ROQUE GONZALES;HOSPITAL DE CARIDADE SANTO ANTONIO;8,889677e+13;NA;D;RUA MONSENHOR WOLSKI;117;CENTRO;97970000;-2813370;-5502736
431643;RS;SALDANHA MARINHO;2263874;HOSPITAL MUNICIPAL SALDANHA MARINHO;HOSPITAL MUNICIPAL SALDANHA MARINHO;NA;9,239915e+13;D;RUA PRESTES GUIMARAES;591;CENTRO;98250000;-2840920;-5309123
431645;RS;SALTO DO JACUI;2263882;HOSPITAL MUNICIPAL DR ADERBAL SCHNEIDER;HOSPITAL MUNICIPAL DR ADERBAL SCHNEIDER;NA;8,965803e+13;D;RUA PASSO REAL;9;NOVA JACUI;99440000;-2908718;-5322454
430330;RS;CAIBATE;2259850;HOSPITAL ROQUE GONZALES CAIBATE;ASSOCIACAO HOSPITALAR ROQUE GONZALES;8,900394e+13;NA;D;AVN SANTA LUCIA;1479;CENTRO;97930000;-28288;-54638
430870;RS;GAURAMA;2249545;HOSPITAL SANTA ISABEL;ASSOCIACAO EDUCACIONAL E CARITATIVA;8,942873e+13;NA;D;RUA JOSE SPONCHIADO;690;CENTRO;99830000;-2758617;-5209952
430890;RS;GETULIO VARGAS;2249510;HOSPITAL SAO ROQUE DE GETULIO VARGAS;HOSPITAL SAO ROQUE DE GETULIO VARGAS;9,015622e+13;NA;E;RUA JACOB GREMMELAMIER;212;CENTRO;99900000;-2788424;-5222321
431650;RS;SALVADOR DO SUL;2227681;HOSPITAL SAO SALVADOR;ASSOCIACAO BENEFICENTE HOSPITALAR SAO SALVADOR;4,706431e+12;NA;D;RUA ELDA TREVISAN;15;CENTRO;95750000;-2943834;-5151188
431660;RS;SANANDUVA;2246767;HOSPITAL SAO JOAO SANANDUVA;HOSPITAL BENEFICENTE SAO JOAO;9,532464e+13;NA;E;AV SALZANO DA CUNHA;9;CENTRO;99840000;-27.95;-51807
431670;RS;SANTA BARBARA DO SUL;2263890;HOSPITAL SANTA BARBARA BENEFICENTE;HOSPITAL SANTA BARBARA BENEFICENTE;9,535647e+13;NA;E;RUA DON CONRADO;764;CENTRO;98240000;-2836585;-5326040
432100;RS;TAPERA;2246783;HOSPITAL ROQUE GONZALES TAPERA;SOCIEDADE HOSPITALAR ROQUE GONZALES;9,766406e+13;NA;E;RUA RUI BARBOSA;265;CENTRO;99490000;-2862621;-5287075
432140;RS;TENENTE PORTELA;5384117;HOSPITAL SANTO ANTONIO TENENTE PORTELA;ASSOCIACAO HOSPITALAR BENEFICIENTE SANTO ANTONIO;8,579164e+12;NA;D;RUA ROMARIO ROSA LOPES;42;CENTRO;98500000;-2737185;-5375833
432170;RS;TRES COROAS;2257467;HOSPITAL DR OSWALDO DIESEL;FUNDACAO HOSPITALAR DR OSWALDO DIESEL;9,093677e+13;NA;D;RUA 12 DE MAIO;555;CENTRO;95660000;-2951782;-5077833
432180;RS;TRES DE MAIO;2250837;HOSPITAL SAO VICENTE DE PAULO;ASSOCIACAO DE LITERATURA E BENEFICENCIA;9,296287e+13;9,296287e+13;E;RUA OSVALDO CRUZ;381;CENTRO;98910000;-2777494;-5423742
432195;RS;TRINDADE DO SUL;2235366;SOCIEDADE CULTURAL E BENEFICENTE SANTA ROSA DE LIMA;ASPIAZU FILHAS CIA LTDA;9,744131e+13;NA;D;RUA CABIUNA;82;CENTRO;99615000;-2752168;-5288734
432210;RS;TUCUNDUVA;5050170;HOSPITAL DR OSVALDO TEIXEIRA;ASSOCIACAO HOSPITALAR TUCUNDUVA E NOVO MACHADO;8,139573e+12;NA;D;RUA SAO LUIZ;96;CENTRO;98930000;-2766248;-5443693
432220;RS;TUPANCIRETA;2244225;HOSPITAL DE CARIDADE BRASILINA TERRA;ASSOCIACAO PROTETORA HOSPITAL DE CARIDADE BRAZILINA TERRA;9,831410e+13;NA;D;AVN RIO BRANCO;2;CENTRO;98170000;-2907311;-5384918
432230;RS;TUPARENDI;5729297;CAMS;CENTRO DE ASSISTENCIA MEDICO SOCIAL;9,833982e+13;NA;E;AV URUGUAI;2110;CENTRO;98940000;-2775489;-5448888
432253;RS;VALE DO SOL;2236338;HOSPITAL VALE DO SOL;HOSPITAL BENEFICENTE VALE DO SOL HBVS;9,542752e+13;NA;D;RUA LINDOLFO MACHADO;36;CENTRO;96878000;-2960457;-5268744
431900;RS;SAO MARCOS;3228630;HOSPITAL DR STICH;NILDO SANDER STICH;8,790557e+13;NA;M;RUA DR ROSA;174;CENTRO;95190000;-28971;-51068
431910;RS;SAO MARTINHO;2707608;HOSPITAL DE CARIDADE DE SAO MARTINHO;SOCIEDADE CULTURAL SAO GREGORIO;9,810419e+13;NA;D;AV GETULIO VARGAS;690;CENTRO;98690000;-2770446;-5397135
432290;RS;VIADUTOS;2249537;HOSPITAL N S DA POMPEIA VIADUTOS;SOCIEDADE HOSPITALAR N SENHORA DA POMPEIA;9,871488e+13;NA;D;R ANGELO ALEGRETI;108;CENTRO;99820000;-2757128;-5201955
432020;RS;SEBERI;2228610;HOSPITAL PIO XII SEBERI;FUNDACAO HOSPITALAR PIO XII;8,928625e+13;NA;D;TRAVESSA ROBERTO SCHIMIDT;73;CENTRO;98380000;-2747876;-5340531
432026;RS;SEGREDO;2234475;HOSPITAL SAO JOAO EVANGELISTA;ASSOCIACAO CULT RECREATIVA BENEFICENTE SAO MARCOS;9,744871e+13;NA;E;RUA DOS IMIGRANTES;713;CENTRO;96910000;-2926992;-5294011
432030;RS;SELBACH;2238810;HOSPITAL SAO JACOB;SOCIEDADE HOSPITALAR SAO JACOB;9,766339e+13;NA;E;RUA 15 DE NOVEMBRO;153;CENTRO;99450000;-28629;-52953
432040;RS;SERAFINA CORREA;2260050;HOSPITAL NOSSA SENHORA DO ROSARIO;HOSPITAL NOSSA SENHORA DO ROSARIO;9,039717e+13;NA;M;MONS JOAO B SCALABRINI;260;CENTRO;99250000;-2871780;-5193417
432045;RS;SERIO;2252066;HOSPITAL SAO JOSE SERIO;HOSPITAL DE CARIDADE SAO JOSE;9,116710e+13;NA;M;MAURICIO CARDOSO;940;CENTRO;95918000;-2938517;-5226719
432050;RS;SERTAO;2246805;HOSPITAL SAO JOSE SERTAO;HOSPITAL SAO JOSE;9,202501e+13;NA;D;AV GEN ERNESTO DORNELES;1041;CENTRO;99170000;-2798691;-5225728
432067;RS;SINIMBU;2236346;HOSPITAL SINIMBU;HOSPITAL BENFICENTE SINIMBU;9,543374e+13;NA;M;RUA BERNARDO FUERSTENAU;477;CENTRO;96890000;-2953650;-5251896
432070;RS;SOBRADINHO;6560830;FUNDACAO DR HOMERO LIMA MENEZES;FUNDACAO DR HOMERO LIMA MENEZES;5,341488e+12;NA;M;RUA DR HOMERO LIMA MENEZES;157;CENTRO;96900000;-2941591;-5302842
432090;RS;TAPEJARA;2246740;HOSPITAL SANTO ANTONIO;HOSPITAL SANTO ANTONIO;9,757793e+13;NA;D;RUA TRANQUILO BASSO;270;CENTRO;99950000;-2806339;-5200990
430040;RS;ALEGRETE;2248328;SANTA CASA DE ALEGRETE;IRMANDADE DA SANTA CASA DE CARIDADE ALEGRETE;8,720093e+13;NA;E;RUA GENERAL SAMPAIO;88;VILA NOVA;97541260;-2977443;-5579140
430700;RS;ERECHIM;2249669;HOSPITAL UNIMED ERECHIM;UNIMED ERECHIM COOPERATIVA DE SERVICOS DE SAUDE LTDA;8,763833e+13;NA;M;SETE DE SETEMBRO;2001;FATIMA;99709182;-2745263;-5256747
432300;RS;VIAMAO;5223962;INSTITUTO DE CARDIOLOGIA HOSPITAL VIAMAO;FUNDACAO UNIVERSITARIA DE CARDIOLOGIA;9,289855e+13;NA;D;ISABEL BASTOS;138;CENTRO;94410250;-3007956;-5102991
432250;RS;VACARIA;2241048;HOSPITAL NOSSA SENHORA DA OLIVEIRA;HOSPITAL NOSSA SENHORA DA OLIV EIRA;1,541569e+13;NA;M;RUA PINHEIRO MACHADO;448;CENTRO;95200000;-2850400;-5093529
431490;RS;PORTO ALEGRE;2265060;HOSPITAL CRISTO REDENTOR;HOSPITAL NOSSA SENHORA DA CONCEICAO S A;9,278712e+13;NA;M;RUA DOMINGOS RUBBO;20;CRISTO REDENTOR;91040000;-3000998;-5115946
431890;RS;SAO LUIZ GONZAGA;2259893;HOSPITAL SAO LUIZ GONZAGA;SOCIEDADE HOSPITALAR SAO LUIZ GONZAGA;9,708176e+13;NA;D;RUA GENERAL PORTINHO;1425;CENTRO;97800000;-2840442;-5496199
430900;RS;GIRUA;2260069;HOSPITAL SAO JOSE;ASSOCIACAO DE LITERATURA E BENEFICENCIA;9,296287e+13;9,296287e+13;M;AV PRESIDENTE VARGAS;867;CENTRO;98870000;-2803077;-5434591
431490;RS;PORTO ALEGRE;2693801;ASSOCIACAO HOSPITALAR VILA NOVA;ASSOCIACAO HOSPITALAR VILA NOVA;4,994418e+12;NA;M;RUA CATARINO ANDREATTA;155;VILA NOVA;91750040;-3011945;-5120776
431410;RS;PASSO FUNDO;2246988;HOSPITAL SAO VICENTE DE PAULO;ASSOCIACAO HOSPITALAR BENEFICENTE SAO VICENTE DE PAULO;9,202106e+13;NA;E;TEIXEIRA SOARES;808;CENTRO;99010080;-2826025;-5241364
431410;RS;PASSO FUNDO;3141330;HOSPITAL DE PRONTOCLINICAS LTDA;HOSPITAL DE PRONTOCLINICAS LTDA;9,061982e+13;NA;M;TRAVESSA DR ARTHUR LEITE;37;CENTRO;99020220;-2825834;-5240916
431820;RS;SAO FRANCISCO DE PAULA;2227770;HOSPITAL SAO FRANCISCO DE PAULA;HOSPITAL SAO FRANCISCO DE PAULA;9,655483e+13;NA;D;RUA FREDERICO TEDESCO;117;CENTRO;95400000;-29448;-50584
430510;RS;CAXIAS DO SUL;2223538;HOSPITAL GERAL;FUNDACAO UNIVERSIDADE DE CAXIAS DO SUL;8,864876e+13;NA;M;RUA PROFESSOR ANTONIO VIGNOLLI;255;PETROPOLIS;95070561;-29168;-51179
430510;RS;CAXIAS DO SUL;2223562;HOSPITAL VIRVI RAMOS;ASSOCIACAO CULTURAL E CIENTIFICA VIRVI RAMOS;8,866591e+13;NA;M;RUA ALEXANDRE FLEMING;454;MADUREIRA;95041520;-29168;-51179
430510;RS;CAXIAS DO SUL;2223597;HOSPITAL SAUDE;HOSPITAL SAUDE LTDA;8,857539e+13;NA;M;RUA VINTE DE SETEMBRO;2311;CENTRO;95020450;-29168;-51179
431720;RS;SANTA ROSA;2254611;HOSPITAL VIDA SAUDE;ASSOCIACAO HOSPITALAR CARIDADE SANTA ROSA;9,581567e+13;NA;M;DOUTOR FRANCISCO TIMM;656;CENTRO;98780803;-2786704;-5448533
431490;RS;PORTO ALEGRE;2237822;HOSPITAL MATERNO INFANTIL PRESIDENTE VARGAS;HOSPITAL MATERNO INFANTIL PRESIDENTE VARGAS;NA;9,296356e+13;M;INDEPENDENCIA;661;INDEPENDENCIA;90035076;-30033;-51.23
431490;RS;PORTO ALEGRE;2237571;HOSPITAL NOSSA SENHORA DA CONCEICAO SA;HOSPITAL NOSSA SENHORA DA CONCEICAO SA;9,278712e+13;NA;M;AV FRANCISCO TREIN;596;CRISTO REDENTOR;91350200;-3001602;-5115865
430770;RS;ESTEIO;2232030;FUNDACAO DE SAUDE PUBLICA SAO CAMILO DE ESTEIO;FUNDACAO DE SAUDE PUBLICA SAO CAMILO DE ESTEIO;1,301672e+13;NA;M;AVENIDA CASTRO ALVES;948;TAMANDARE;93260460;-2983910;-5116142
430390;RS;CAMPO BOM;2232073;HOSPITAL DE CAMPO BOM DR LAURO REUS;ASSOCIACAO BENEFICENTE SAO MIGUEL ABSM;1,048533e+13;NA;M;RUA OSVALDO CRUZ;116;BELA VISTA;93700000;-2968755;-5105437
432145;RS;TEUTONIA;2252244;HOSPITAL OURO BRANCO;ASSOCIACAO BENEFICENTE OURO BRANCO;8,978117e+13;NA;M;RUA FERNANDO FERRARI;506;LANGUIRU;95890000;-2947257;-5181594
431140;RS;LAJEADO;2252287;HOSPITAL BRUNO BORN;SOCIEDADE BENEFICENCIA E CARIDADE DE LAJEADO;9,116251e+13;NA;M;AV BENJAMIN CONSTANT;881;CENTRO;95900010;-29467;-51961
431440;RS;PELOTAS;2252341;HOSPITAL MIGUEL PILTCHER;INSTITUTO TRAUMATOLOGIA ORTOPEDIA E REABILITACAO LTDA;9,219068e+13;NA;M;RUA ANDRADE NEVES;3006;CENTRO;96020080;-3175785;-5233789
431690;RS;SANTA MARIA;2244306;HUSM HOSPITAL UNIVERSITARIO DE SANTA MARIA;HOSPITAL UNIVERSITARIO DE SANTA MARIA EBSERH;9,559176e+13;NA;E;AVN RORAIMA PREDIO 22;1000;CAMOBI;97105900;-29684;-53807
431990;RS;SAPIRANGA;2232154;HOSPITAL SAPIRANGA;SOCIEDADE BENEFICENTE SAPIRANGUENSE;9,727935e+13;NA;D;GETULIO VARGAS;527;CENTRO;93800048;-2964060;-5100720
430450;RS;CANGUCU;2232928;HOSPITAL DE CARIDADE DE CANGUCU;HOSPITAL DE CARIDADE DE CANGUCU;8,823907e+13;NA;D;RUA JOSE ALBANO DE SOUZA;140;CENTRO;96600000;-3139197;-5267884
432260;RS;VENANCIO AIRES;2236370;HOSPITAL SAO SEBASTIAO MARTIR;HOSPITAL SAO SEBASTIAO MARTIR;9,859191e+13;NA;M;RUA TIRADENTES;834;CENTRO;95800000;-2960762;-5219080
430060;RS;ALVORADA;2232081;HOSPITAL ALVORADA;FUNDACAO UNIVERSITARIA DE CARDIOLOGIA;9,289855e+13;NA;D;RUA JACI ZAMIN;170;TRES FIGUEIRAS;94814300;-3000848;-5107438
432010;RS;SARANDI;2235404;HOSPITAL COMUNITARIO SARANDI;HOSPITAL COMUNITARIO SARANDI;8,975392e+13;NA;D;COSMO FAVRETTO;676;CENTRO;99560000;-2793893;-5292607
431950;RS;SAO SEBASTIAO DO CAI;2227908;HOSPITAL SAGRADA FAMILIA;ASSOCIACAO CONGREGACAO DE SANTA CATARINA;9,168136e+13;9,168136e+13;E;RUA MADRE REGINA PROTMANN;567;CENTRO;95760000;-2958802;-5137603
430660;RS;DOM PEDRITO;2262002;HOSPITAL SAO LUIZ;SANTA CASA DE CARIDADE DE DOM PEDRITO;8,926534e+13;NA;E;DUQUE DE CAXIAS;1348;CENTRO;96450000;-3098147;-5467021
431690;RS;SANTA MARIA;2244292;HOSPITAL SAO FRANCISCO DE ASSIS;ASSOCIACAO FRANCISCANA DE ASSISTENCIA A SAUDE;3,066309e+12;NA;M;RUA JOANA DARC;465;NOSSA SENHORA DE LOU;97060360;-2969657;-5379282
430530;RS;CHAPADA;2235307;HOSPITAL SAO JOSE CHAPADA;SOCIEDADE BENEFICENTE SAO JOSE;8,896268e+13;NA;D;DUQUE DE CAXIAS;368;CENTRO;99530000;-2805950;-5306589
430600;RS;CRISSIUMAL;2708000;HOSPITAL DE CARIDADE DE CRISSIUMAL;HOSPITAL DE CARIDADE DE CRISSIUMAL;8,905125e+13;NA;D;RUA REDENTORA;81;CENTRO;98640000;-27.5;-54101
431365;RS;PALMARES DO SUL;2224607;HOSPITAL SAO JOSE;SOCIEDADE BENEFICENTE SAO JOSE;9,188492e+13;NA;D;RUA FIRMIANO OSORIO;60;CENTRO;95540000;-30258;-50.51
430680;RS;ENCANTADO;2252228;HOSPITAL SANTA TERESINHA ENCANTADO;BENEFICENCIA CAMILIANA DO SUL;8,350603e+13;8,350603e+13;M;JULIO DE CASTILHOS;791;CENTRO;95960000;-2929437;-5181039
430650;RS;DOM FELICIANO;6953689;ASDOMF;ASSOCIACAO DE SAUDE DE DOM FELICIANO;1,463353e+13;NA;D;BORGES DE MEDEIROS;648;CENTRO;96190000;-3070521;-5210849
431760;RS;SANTO ANTONIO DA PATRULHA;6389104;HOSPITAL DE SANTO ANTONIO DA PATRULHA;IRMANDADE DA SANTA CASA DE MISERICORDIA DE PORTO ALEGRE;9,281500e+13;NA;E;MARECHAL FLORIANO PEIXOTO;732;CIDADE ALTA;95500000;-29818;-50.52
430030;RS;ALECRIM;2707993;HOSPITAL DE CARIDADE DE ALECRIM;ASSOCIACAO HOSPITAL DE CARIDADE DE ALECRIM;9,086337e+13;NA;D;RUA OSVALDO CRUZ;215;CENTRO;98950000;-2765808;-5476467
431130;RS;LAGOA VERMELHA;3819590;HOSPITAL SAO PAULO;FUNDACAO ARAUCARIA;9,670433e+13;9,670433e+13;E;AV NIVIO CASTELANO;1271;CENTRO;95300000;-28209;-51526
431840;RS;SAO JERONIMO;6424236;HCSJ HOSPITAL DE CARIDADE SAO JERONIMO;ASSOCIACAO DOS FUNCIONARIOS PUBLICOS DO ESTADO DO RGSUL;9,274102e+13;NA;E;RUA RIO BRANCO;1008;BELA VISTA;96700000;-2995939;-5171698
430755;RS;ESTACAO;2249626;HOSPITAL SANTO ANTONIO ESTACAO;HOSPITAL SANTO ANTONIO LIMITADA;9,015420e+13;NA;E;LIDO TAGLIARI;931;CENTRO;99930000;-27911;-52.26
431260;RS;MUCUM;2707942;HOSPITAL BENEFICENTE NOSSA SENHORA APARECIDA;ASSOCIACAO BENEFICENTE DE MUCUM;1,261592e+12;NA;M;PINHEIRO MACHADO;342;CENTRO;95970000;-2916512;-5187191
431320;RS;NOVA PETROPOLIS;2241102;HOSPITAL NOVA PETROPOLIS;ORDEM AUXILIADORA SENHORAS ENVANGELICAS NOVA PETROPOLIS;9,158873e+13;NA;M;RUA PASTOR H HUNSCHE;823;CENTRO;95150000;-29376;-51114
430360;RS;CAMBARA DO SUL;5602742;FUNDACAO HOSPITALAR SAO JOSE;FUNDACAO HOSPITALAR SAO JOSE;NA;8,875693e+13;D;RUA PADRE JOAO PAZZA;315;CENTRO;95480000;-2904914;-5014703
432070;RS;SOBRADINHO;2234408;HOSPITAL DR HOMERO MENEZES;HOSPITAL DR HOMERO L MENEZES EIRELI;9,744386e+13;NA;M;RUA DR HOMERO LIMA MENEZES;157;CENTRO;96900000;-2941591;-5302842
430700;RS;ERECHIM;9142118;SANTA MONICA HOSPITAL;HOSPITAL SANTA MONICA LTDA;2,400899e+13;NA;M;RUA ITALIA;878;ESPIRITO SANTO;99711010;-2763612;-5228249
430070;RS;ANTA GORDA;9309470;HOSPITAL PADRE CATELLI;ASSOCIACAO HOSPITALAR PADRE HERMINIO CATELLI;2,838046e+13;NA;M;RUA ARMINHO MIOTO;1032;CENTRO;95980000;-2897210;-5200661
431240;RS;MONTENEGRO;2257556;HOSPITAL MONTENEGRO;ASSOCIACAO ORDEM AUXILIADORA DE SENHORAS EVANGELICAS DE MONT;9,136572e+13;NA;D;RUA ASSIS BRASIL;1621;CENTRO;95780000;-2968708;-5146397
431640;RS;ROSARIO DO SUL;2248239;HOSPITAL AUXILIADORA;HOSPITAL DE CARIDADE NOSSA SENHORA AUXILIADORA;9,528193e+13;NA;E;SETE DE SETEMBRO;2257;CENTRO;97590000;-3025182;-5491671
432130;RS;TAQUARI;9563873;HOSPITAL SAO JOSE;ASSOCIACAO TAQUARIENSE DE SAUDE;3,192220e+13;NA;M;MARECHAL DEODORO;1390;CENTRO;95860000;-29.8;-51864
431490;RS;PORTO ALEGRE;9570047;HOSPITAL BDW;HOSPITAL BDW S A;2,694726e+13;NA;M;RUA GOMES JARDIM;221;SANTANA;90620130;-3004608;-5120742
431490;RS;PORTO ALEGRE;7513151;HOSPITAL RESTINGA E EXTREMO SUL;ASSOCIACAO HOSPITALAR VILA NOVA;4,994418e+12;NA;M;JOAO ANTONIO SILVEIRA;3700;LOMBA DO PINHEIRO;91796000;-3014256;-5112869
431490;RS;PORTO ALEGRE;3567664;HOSPITAL ERNESTO DORNELLES;ASSOCIACAO DOS FUNCIONARIOS PUBLICOS DO ESTADO DO RIO GRANDE;9,274102e+13;NA;M;IPIRANGA;1801;AZENHA;90160093;-3005141;-5121594
430510;RS;CAXIAS DO SUL;9728317;HOSPITAL UNIMED UNIDADE MATERNO INFANTIL;UNIMED NORDESTE RS SOCIEDADE COOP DE SERV MEDICOS LTDA;8,782769e+13;NA;M;CARLOS BIANCHINI;2020;MARECHAL FLORIANO;95013000;-29105;-511044
430960;RS;HORIZONTINA;7607547;ASSOCIACAO BENEFICENTE OSWALDO CRUZ DE HORIZONTINA;ASSOCIACAO BENEFICENTE OSWALDO CRUZ DE HORIZONTINA;2,119489e+13;NA;D;RUA OSVALDO CRUZ;154;OSVALDO CRUZ;98920000;-27626;-54308
431690;RS;SANTA MARIA;9575936;HOSPITAL REGIONAL DE SANTA MARIA;SECRETARIA DA SAUDE;NA;8,795863e+13;E;RUA FLORIANOPOLIS;1041;PINHEIRO MACHADO;97030220;-2970578;-5386227
432070;RS;SOBRADINHO;9016554;HOSPITAL SAO JOAO EVANGELISTA;ASSOCIACAO CULTURAL RECREATIVA E BENEFICIENTE S MARCOS;9,744871e+13;NA;E;JOAO ANTONIO;747;CENTRO;96900000;NA;NA
431180;RS;MARAU;9131981;HOSPITAL SAO LUCAS;HOSPITAL SAO LUCAS LTDA;2,319936e+13;NA;M;BARAO DO RIO BRANCO;1751;CENTRO;99150000;NA;NA
430535;RS;CHARQUEADAS;9528792;HOSPITAL DE CHARQUEADAS;ASSOCIACAO HOSPITALAR VILA NOVA;4,994418e+12;NA;D;RS 401;1754;JARDIM NOSSA SENHORA;96745000;NA;NA
